Column1,Column2,Column3,Column4,Column5,Column6,Column7,Column8,Column9,Column10,Column11,Column12,Column13,Column14,Column15,Column16,Column17,Column18,Column19,Column20,Column21,Column22,Column23,Column24,Column25,Column26
,,,,,,,Playing Time,Playing Time,Playing Time,Playing Time,Performance,Performance,Performance,Performance,Performance,Performance,Performance,Performance,Per 90 Minutes,Per 90 Minutes,Per 90 Minutes,Per 90 Minutes,Per 90 Minutes,,-additional
Rk,Player,Nation,Pos,Squad,Age,Born,MP,Starts,Min,90s,Gls,Ast,G+A,G-PK,PK,PKatt,CrdY,CrdR,Gls,Ast,G+A,G-PK,G+A-PK,Matches,-9999
1,Sergio Abad Beyxer,es ESP,MF,Levante,21,1989,1,0,5,0.1,0,0,0,0,0,0,0,0,0.00,0.00,0.00,0.00,0.00,Matches,30f729b3
2,Damià Abella,es ESP,DFMF,Osasuna,28,1982,27,22,1934,21.5,0,0,0,0,0,0,7,1,0.00,0.00,0.00,0.00,0.00,Matches,e35b4a15
3,Éric Abidal,fr FRA,DF,Barcelona,30,1979,26,23,2023,22.5,0,0,0,0,0,0,3,0,0.00,0.00,0.00,0.00,0.00,Matches,016828bd
4,Santiago Acasiete,pe PER,DF,Almería,32,1977,20,17,1598,17.8,0,0,0,0,0,0,4,0,0.00,0.00,0.00,0.00,0.00,Matches,39168d69
5,Lautaro Acosta,ar ARG,FWMF,Sevilla,22,1988,10,2,283,3.1,0,1,1,0,0,0,3,0,0.00,0.32,0.32,0.00,0.32,Matches,2a3af4d5
6,Antonio Adán,es ESP,GK,Real Madrid,23,1987,3,2,260,2.9,0,0,0,0,0,0,0,0,0.00,0.00,0.00,0.00,0.00,Matches,65d62814
7,Emmanuel Adebayor,tg TOG,FW,Real Madrid,26,1984,14,6,744,8.3,5,0,5,5,0,1,0,0,0.60,0.00,0.60,0.60,0.60,Matches,936d9e3e
8,Adriano,br BRA,DFMF,Barcelona,25,1984,14,11,937,10.4,0,1,1,0,0,0,3,0,0.00,0.10,0.10,0.00,0.10,Matches,9d8586c4
9,Aritz Aduriz,es ESP,FW,Valencia,29,1981,29,20,1846,20.5,10,2,12,10,0,0,6,1,0.49,0.10,0.59,0.49,0.59,Matches,293211e1
10,Ibrahim Afellay,nl NED,FWMF,Barcelona,24,1986,16,7,669,7.4,1,0,1,1,0,0,1,0,0.13,0.00,0.13,0.13,0.13,Matches,9a8c6673
11,Sendoa Agirre,es ESP,MF,Hércules,34,1975,23,7,793,8.8,3,1,4,3,0,0,1,0,0.34,0.11,0.45,0.34,0.45,Matches,0437c448
12,Imanol Agirretxe,es ESP,FW,Real Sociedad,23,1987,11,1,214,2.4,3,0,3,3,0,0,0,0,1.26,0.00,1.26,1.26,1.26,Matches,c84c1afc
13,Sergio Agüero,ar ARG,FW,Atlético Madrid,22,1988,32,31,2662,29.6,20,3,23,19,1,1,6,0,0.68,0.10,0.78,0.64,0.74,Matches,4d034881
14,Abel Aguilar,co COL,MF,Hércules,25,1985,34,33,2862,31.8,0,1,1,0,0,0,11,1,0.00,0.03,0.03,0.00,0.03,Matches,6936b41b
15,Jordi Alba,es ESP,DFMF,Valencia,21,1989,27,14,1428,15.9,2,1,3,2,0,0,6,0,0.13,0.06,0.19,0.13,0.19,Matches,4601e194
16,Unai Alba,es ESP,GK,Hércules,32,1978,2,1,101,1.1,0,0,0,0,0,0,0,0,0.00,0.00,0.00,0.00,0.00,Matches,40e34fb7
17,David Albelda,es ESP,DFMF,Valencia,32,1977,16,12,1044,11.6,0,1,1,0,0,0,8,1,0.00,0.09,0.09,0.00,0.09,Matches,def14f68
18,Luis Alberto,es ESP,FWMF,Sevilla,17,1992,1,0,29,0.3,0,0,0,0,0,0,0,0,0.00,0.00,0.00,0.00,0.00,Matches,5294a83f
19,Raúl Albiol,es ESP,DF,Real Madrid,24,1985,20,13,1158,12.9,0,0,0,0,0,0,3,1,0.00,0.00,0.00,0.00,0.00,Matches,4bd414c1
20,Thiago Alcántara,es ESP,MF,Barcelona,19,1991,12,6,666,7.4,2,0,2,2,0,0,1,0,0.27,0.00,0.27,0.27,0.27,Matches,77e84962
21,Alexis,es ESP,DF,Sevilla,24,1985,21,21,1836,20.4,0,0,0,0,0,0,8,1,0.00,0.00,0.00,0.00,0.00,Matches,db0cd1ae
22,Alejandro Alfaro,es ESP,FWMF,Sevilla,23,1986,20,8,727,8.1,2,2,4,2,0,0,1,0,0.25,0.25,0.50,0.25,0.50,Matches,7c293728
23,Iván Alonso,uy URU,FW,Espanyol,31,1979,20,10,829,9.2,2,0,2,2,0,0,2,0,0.22,0.00,0.22,0.22,0.22,Matches,80084c87
24,Xabi Alonso,es ESP,MF,Real Madrid,28,1981,34,29,2665,29.6,0,5,5,0,0,0,12,0,0.00,0.17,0.17,0.00,0.17,Matches,dc001a06
25,Jozy Altidore,us USA,FW,Villarreal,20,1989,3,0,35,0.4,0,0,0,0,0,0,0,0,0.00,0.00,0.00,0.00,0.00,Matches,8db8ad1e
26,Cristian Álvarez,ar ARG,GK,Espanyol,24,1985,5,5,450,5.0,0,0,0,0,0,0,1,0,0.00,0.00,0.00,0.00,0.00,Matches,87e89eb4
27,Pablo Álvarez,es ESP,MF,La Coruña,30,1980,17,3,403,4.5,1,1,2,1,0,0,1,1,0.22,0.22,0.45,0.22,0.45,Matches,08af8dbe
28,Sergio Álvarez,es ESP,DFMF,Sporting Gijón,18,1992,8,3,253,2.8,0,0,0,0,0,0,2,0,0.00,0.00,0.00,0.00,0.00,Matches,88d91621
29,Víctor Álvarez,es ESP,DFMF,Espanyol,17,1993,1,0,5,0.1,0,0,0,0,0,0,0,0,0.00,0.00,0.00,0.00,0.00,Matches,563f3469
30,Dani Alves,br BRA,DFMF,Barcelona,27,1983,35,31,2905,32.3,2,14,16,2,0,0,10,0,0.06,0.43,0.50,0.06,0.50,Matches,c9e99e49
31,Diego Alves,br BRA,GK,Almería,25,1985,33,33,2970,33.0,0,0,0,0,0,0,5,0,0.00,0.00,0.00,0.00,0.00,Matches,12421a7c
32,Luis Amaranto Perea,co COL,DF,Atlético Madrid,31,1979,28,28,2397,26.6,0,0,0,0,0,0,11,1,0.00,0.00,0.00,0.00,0.00,Matches,ff1988a5
33,Jordi Amat,id IDN,DF,Espanyol,18,1992,26,23,2152,23.9,0,0,0,0,0,0,9,0,0.00,0.00,0.00,0.00,0.00,Matches,d70a2141
34,Fernando Amorebieta,ve VEN,DF,Athletic Club,25,1985,17,16,1389,15.4,0,0,0,0,0,0,7,1,0.00,0.00,0.00,0.00,0.00,Matches,b2bbc0ec
35,Juan Ángel Albín,uy URU,FWMF,Getafe,24,1986,18,4,713,7.9,2,1,3,2,0,0,1,1,0.25,0.13,0.38,0.25,0.38,Matches,6be43cc9
36,José Ángel,es ESP,DF,Sporting Gijón,20,1989,26,23,2142,23.8,0,2,2,0,0,0,9,1,0.00,0.08,0.08,0.00,0.08,Matches,3024e383
37,Miguel Ángel Moyá,es ESP,GK,Valencia,26,1984,4,4,360,4.0,0,0,0,0,0,0,0,0,0.00,0.00,0.00,0.00,0.00,Matches,011d8c56
38,Miguel Ángel Nieto,es ESP,MF,Almería,24,1986,1,0,4,0.0,0,0,0,0,0,0,0,0,0.00,0.00,0.00,0.00,0.00,Matches,3a935b70
39,Xavi Annunziata,es ESP,FWMF,Osasuna,22,1987,1,0,9,0.1,0,0,0,0,0,0,0,0,0.00,0.00,0.00,0.00,0.00,Matches,e146dbda
40,Ion Ansotegi,es ESP,DF,Real Sociedad,28,1982,32,32,2808,31.2,1,1,2,1,0,0,3,0,0.03,0.03,0.06,0.03,0.06,Matches,72b26e8e
41,José Antonio Reyes,es ESP,MF,Atlético Madrid,26,1983,34,34,2904,32.3,6,9,15,6,0,1,7,1,0.19,0.28,0.46,0.19,0.46,Matches,19058f02
42,Dudu Aouate,il ISR,GK,Mallorca,32,1977,35,35,3105,34.5,0,0,0,0,0,0,2,0,0.00,0.00,0.00,0.00,0.00,Matches,4d1b3701
43,Apoño,es ESP,MF,Málaga,26,1984,27,26,2156,24.0,2,2,4,0,2,4,7,0,0.08,0.08,0.17,0.00,0.08,Matches,02503ca3
44,Manuel Arana,es ESP,MF,Racing Sant,25,1984,14,5,587,6.5,1,1,2,1,0,0,3,0,0.15,0.15,0.31,0.15,0.31,Matches,81fac4d9
45,Mikel Aranburu,es ESP,MF,Real Sociedad,31,1979,32,27,2306,25.6,5,2,7,5,0,0,6,0,0.20,0.08,0.27,0.20,0.27,Matches,9452d85a
46,Carlos Aranda,es ESP,FW,Osasuna,30,1980,20,15,1193,13.3,4,2,6,4,0,0,4,0,0.30,0.15,0.45,0.30,0.45,Matches,2b60c45d
47,Daniel Aranzubia,es ESP,GK,La Coruña,30,1979,32,32,2880,32.0,1,1,2,1,0,0,4,0,0.03,0.03,0.06,0.03,0.06,Matches,0e9ce3e0
48,Álvaro Arbeloa,es ESP,DF,Real Madrid,27,1983,26,20,1861,20.7,0,1,1,0,0,0,6,1,0.00,0.05,0.05,0.00,0.05,Matches,6dc73abd
49,Ramón Arcas,es ESP,MF,Racing Sant,19,1991,1,1,78,0.9,0,0,0,0,0,0,0,0,0.00,0.00,0.00,0.00,0.00,Matches,40fc30d6
50,Javier Arizmendi,es ESP,FWMF,Getafe,26,1984,19,7,773,8.6,2,1,3,2,0,0,3,0,0.23,0.12,0.35,0.23,0.35,Matches,14a6c075
51,Francesc Arnau,es ESP,GK,Málaga,35,1975,9,7,719,8.0,0,0,0,0,0,0,1,0,0.00,0.00,0.00,0.00,0.00,Matches,23ab8dc9
52,Grégory Arnolin,mq MTQ,DF,Sporting Gijón,29,1980,23,23,1994,22.2,1,0,1,1,0,0,6,1,0.05,0.00,0.05,0.05,0.05,Matches,e35dba25
53,Aythami Artiles,es ESP,DF,La Coruña,24,1986,19,17,1523,16.9,2,0,2,2,0,0,5,0,0.12,0.00,0.12,0.12,0.12,Matches,01ae64cd
54,Sergio Asenjo,es ESP,GK,Málaga,21,1989,5,5,366,4.1,0,0,0,0,0,0,2,0,0.00,0.00,0.00,0.00,0.00,Matches,9f0ea33f
55,Paulo Assunção,br BRA,MF,Atlético Madrid,30,1980,24,17,1456,16.2,0,0,0,0,0,0,8,0,0.00,0.00,0.00,0.00,0.00,Matches,41b7a8cf
56,Jon Aurtenetxe,es ESP,DF,Athletic Club,18,1992,10,9,805,8.9,0,1,1,0,0,0,5,1,0.00,0.11,0.11,0.00,0.11,Matches,74b0e3ce
57,Raúl Baena,es ESP,MF,Espanyol,21,1989,15,13,1105,12.3,0,0,0,0,0,0,3,1,0.00,0.00,0.00,0.00,0.00,Matches,df9c9276
58,Nabil Baha,ma MAR,FW,Málaga,28,1981,5,4,260,2.9,0,0,0,0,0,0,1,0,0.00,0.00,0.00,0.00,0.00,Matches,32634b49
59,Kennedy Bakircioglü,se SWE,MF,Racing Sant,29,1980,32,30,2339,26.0,6,3,9,6,0,0,5,0,0.23,0.12,0.35,0.23,0.35,Matches,f6792b79
60,Mikel Balenziaga,es ESP,DF,Athletic Club,22,1988,1,1,90,1.0,0,0,0,0,0,0,1,0,0.00,0.00,0.00,0.00,0.00,Matches,1fe67e86
61,Sergio Ballesteros,es ESP,DF,Levante,34,1975,35,35,3132,34.8,1,0,1,1,0,0,11,0,0.03,0.00,0.03,0.03,0.03,Matches,29863c56
62,Éver Banega,ar ARG,MF,Valencia,22,1988,28,19,1737,19.3,2,3,5,2,0,0,8,0,0.10,0.16,0.26,0.10,0.26,Matches,fa937f7a
63,Júlio Baptista,br BRA,FWMF,Málaga,28,1981,11,11,962,10.7,8,0,8,7,1,1,3,0,0.75,0.00,0.75,0.65,0.65,Matches,44557475
64,David Barral,es ESP,FW,Sporting Gijón,27,1983,34,24,2324,25.8,5,1,6,4,1,1,12,0,0.19,0.04,0.23,0.15,0.19,Matches,d99f9282
65,Marc Bartra,es ESP,DF,Barcelona,19,1991,2,2,180,2.0,1,,,1,0,,0,0,0.50,,,0.50,,Matches,b742cc0d
66,Edu Bedia,es ESP,MF,Racing Sant,21,1989,6,0,80,0.9,0,0,0,0,0,0,0,0,0.00,0.00,0.00,0.00,0.00,Matches,2dc8077c
67,Karim Benzema,fr FRA,FW,Real Madrid,22,1987,33,20,1898,21.1,15,4,19,15,0,0,1,0,0.71,0.19,0.90,0.71,0.90,Matches,70d74ece
68,Markel Bergara,es ESP,MF,Real Sociedad,24,1986,19,9,962,10.7,0,0,0,0,0,0,5,0,0.00,0.00,0.00,0.00,0.00,Matches,04a65a8f
69,Hernán Bernardello,ar ARG,MF,Almería,23,1986,33,33,2843,31.6,1,3,4,1,0,0,11,0,0.03,0.09,0.13,0.03,0.13,Matches,dec04537
70,Nicolás Bertolo,ar ARG,MF,Zaragoza,24,1986,36,25,2220,24.7,5,0,5,5,0,0,3,0,0.20,0.00,0.20,0.20,0.20,Matches,089f82b2
71,Thievy Bifouma,cg CGO,FWMF,Espanyol,18,1992,2,0,25,0.3,0,0,0,0,0,0,0,0,0.00,0.00,0.00,0.00,0.00,Matches,5978dc3c
72,Mate Bili?,hr CRO,FW,Sporting Gijón,29,1980,18,3,505,5.6,0,0,0,0,0,0,4,0,0.00,0.00,0.00,0.00,0.00,Matches,37e6a4eb
73,Nicki Bille Nielsen,dk DEN,FW,Villarreal,22,1988,1,0,16,0.2,0,0,0,0,0,0,0,0,0.00,0.00,0.00,0.00,0.00,Matches,c0a57418
74,Derek Boateng,gh GHA,MF,Getafe,27,1983,32,30,2626,29.2,2,0,2,2,0,0,13,1,0.07,0.00,0.07,0.07,0.07,Matches,e9ef3a0d
75,Iván Bolado,gq EQG,FW,Racing Sant,21,1989,19,7,733,8.1,1,0,1,1,0,0,2,0,0.12,0.00,0.12,0.12,0.12,Matches,5686e45d
76,Alberto Botía,es ESP,DF,Sporting Gijón,21,1989,28,27,2436,27.1,1,1,2,1,0,0,12,1,0.04,0.04,0.07,0.04,0.07,Matches,7f6bff1f
77,Saïd Boutahar,nl NED,MF,Zaragoza,27,1982,21,12,1015,11.3,2,1,3,2,0,0,1,0,0.18,0.09,0.27,0.18,0.27,Matches,2a33b1a7
78,Claudio Bravo,cl CHI,GK,Real Sociedad,27,1983,38,38,3420,38.0,0,0,0,0,0,0,1,0,0.00,0.00,0.00,0.00,0.00,Matches,10072610
79,Bruno,es ESP,DF,Valencia,29,1980,19,17,1532,17.0,0,1,1,0,0,0,6,0,0.00,0.06,0.06,0.00,0.06,Matches,78803d03
80,Sergio Busquets,es ESP,MF,Barcelona,22,1988,28,25,2300,25.6,1,2,3,1,0,0,5,0,0.04,0.08,0.12,0.04,0.12,Matches,5ab0ea87
81,Willy Caballero,ar ARG,GK,Málaga,28,1981,15,15,1345,14.9,0,0,0,0,0,0,1,0,0.00,0.00,0.00,0.00,0.00,Matches,a179d516
82,Martín Cáceres,uy URU,DF,Sevilla,23,1987,25,24,2129,23.7,1,3,4,1,0,0,6,0,0.04,0.13,0.17,0.04,0.17,Matches,e94d79e3
83,Felipe Caicedo,ec ECU,FWMF,Levante,21,1988,27,22,1693,18.8,13,1,14,12,1,1,8,0,0.69,0.05,0.74,0.64,0.69,Matches,93b891d1
84,Cala,es ESP,MF,Málaga,20,1990,1,0,24,0.3,0,0,0,0,0,0,0,0,0.00,0.00,0.00,0.00,0.00,Matches,8449a41e
85,Juan Calatayud,es ESP,GK,Hércules,30,1979,34,34,3049,33.9,0,0,0,0,0,0,1,1,0.00,0.00,0.00,0.00,0.00,Matches,f1714283
86,Javier Calleja,es ESP,MF,Osasuna,32,1978,18,4,425,4.7,1,2,3,1,0,0,3,0,0.21,0.42,0.64,0.21,0.64,Matches,3c99e7de
87,José Callejón,es ESP,FWMF,Espanyol,23,1987,37,36,2931,32.6,6,4,10,6,0,0,6,0,0.18,0.12,0.31,0.18,0.31,Matches,78841da9
88,Ignacio Camacho,es ESP,MF,Málaga,20,1990,15,12,1065,11.8,0,0,0,0,0,0,5,0,0.00,0.00,0.00,0.00,0.00,Matches,8ed9b33a
89,Javier Camuñas,es ESP,FWMF,Osasuna,30,1980,31,30,2542,28.2,4,4,8,4,0,0,4,1,0.14,0.14,0.28,0.14,0.28,Matches,bbc1db07
90,Sergio Canales,es ESP,FWMF,Real Madrid,19,1991,10,3,286,3.2,0,1,1,0,0,0,2,0,0.00,0.31,0.31,0.00,0.31,Matches,a6de370d
91,Roberto Canella,es ESP,DF,Sporting Gijón,22,1988,17,15,1319,14.7,0,2,2,0,0,0,0,0,0.00,0.14,0.14,0.00,0.14,Matches,18c74b8d
92,Cani,es ESP,MF,Villarreal,28,1981,34,25,2079,23.1,5,3,8,5,0,0,4,1,0.22,0.13,0.35,0.22,0.35,Matches,b493db11
93,Joan Capdevila,es ESP,DF,Villarreal,32,1978,31,30,2629,29.2,2,0,2,2,0,0,6,0,0.07,0.00,0.07,0.07,0.07,Matches,69697a6d
94,Diego Capel,es ESP,MF,Sevilla,22,1988,27,17,1577,17.5,0,2,2,0,0,0,2,0,0.00,0.11,0.11,0.00,0.11,Matches,4933a2f2
95,José Carlos,es ESP,FWMF,Sevilla,23,1987,6,2,175,1.9,0,1,1,0,0,0,0,0,0.00,0.51,0.51,0.00,0.51,Matches,6738f3c6
96,Luis Carlos Martín,es ESP,MF,Hércules,19,1990,1,0,36,0.4,0,0,0,0,0,0,0,0,0.00,0.00,0.00,0.00,0.00,Matches,8cee70e5
97,Juan Carlos Valerón,es ESP,MF,La Coruña,35,1975,21,9,1082,12.0,0,1,1,0,0,0,0,0,0.00,0.08,0.08,0.00,0.08,Matches,71e8d6b0
98,Ricardo Carvalho,pt POR,DF,Real Madrid,32,1978,33,31,2773,30.8,3,0,3,3,0,0,11,2,0.10,0.00,0.10,0.10,0.10,Matches,57e7081e
99,Víctor Casadesús,es ESP,FW,Mallorca,25,1985,19,9,826,9.2,3,1,4,3,0,0,1,0,0.33,0.11,0.44,0.33,0.44,Matches,73cd0a2a
100,Nacho Cases,es ESP,MF,Sporting Gijón,22,1987,18,17,1411,15.7,1,0,1,1,0,0,3,0,0.06,0.00,0.06,0.06,0.06,Matches,1ef6f38d
101,Iker Casillas,es ESP,GK,Real Madrid,29,1981,35,35,3062,34.0,0,0,0,0,0,0,3,1,0.00,0.00,0.00,0.00,0.00,Matches,1ddbb0da
102,Javier Casquero,es ESP,MF,Getafe,34,1976,27,15,1312,14.6,1,2,3,1,0,0,5,0,0.07,0.14,0.21,0.07,0.21,Matches,ab6daa16
103,Xabier Castillo,hr CRO,DF,Athletic Club,24,1986,11,10,859,9.5,0,0,0,0,0,0,3,2,0.00,0.00,0.00,0.00,0.00,Matches,638dc43b
104,André Castro,pt POR,MF,Sporting Gijón,22,1988,15,11,897,10.0,2,0,2,2,0,0,3,0,0.20,0.00,0.20,0.20,0.20,Matches,37d0048f
105,Chory Castro,uy URU,FWMF,Mallorca,25,1984,33,25,2171,24.1,5,6,11,3,2,3,2,0,0.21,0.25,0.46,0.12,0.37,Matches,8cc3d96e
106,Diego Castro,es ESP,FWMF,Sporting Gijón,28,1982,28,26,2346,26.1,9,5,14,4,5,5,3,0,0.35,0.19,0.54,0.15,0.35,Matches,3ddc0a25
107,Zé Castro,pt POR,DF,La Coruña,27,1983,6,4,390,4.3,0,0,0,0,0,0,3,0,0.00,0.00,0.00,0.00,0.00,Matches,ea2434db
108,José Catalá,es ESP,DF,Villarreal,25,1985,16,10,955,10.6,1,2,3,1,0,0,1,0,0.09,0.19,0.28,0.09,0.28,Matches,ac0a9088
109,Fernando Cavenaghi,ar ARG,FW,Mallorca,26,1983,11,7,593,6.6,2,0,2,2,0,0,0,0,0.30,0.00,0.30,0.30,0.30,Matches,d34453a9
110,Santi Cazorla,es ESP,MF,Villarreal,25,1984,37,34,2884,32.0,5,10,15,5,0,0,6,0,0.16,0.31,0.47,0.16,0.47,Matches,e2e9c250
111,Álvaro Cejudo,es ESP,MF,Osasuna,26,1984,13,13,1011,11.2,1,1,2,1,0,0,2,0,0.09,0.09,0.18,0.09,0.18,Matches,a39b23eb
112,Pau Cendrós,es ESP,DF,Mallorca,23,1987,31,29,2444,27.2,0,1,1,0,0,0,8,0,0.00,0.04,0.04,0.00,0.04,Matches,9b9c9388
113,Iñigo Díaz de Cerio,es ESP,FW,Athletic Club,26,1984,2,0,33,0.4,0,0,0,0,0,0,0,0,0.00,0.00,0.00,0.00,0.00,Matches,757bd109
114,David Cerrajería,es ESP,DF,Levante,27,1983,9,7,657,7.3,0,0,0,0,0,0,3,0,0.00,0.00,0.00,0.00,0.00,Matches,2ebb9df6
115,Javier Chica,es ESP,DF,Espanyol,25,1985,29,28,2493,27.7,0,1,1,0,0,0,7,1,0.00,0.04,0.04,0.00,0.04,Matches,991b2cec
116,Christian,es ESP,DF,Racing Sant,24,1985,18,13,1249,13.9,3,0,3,3,0,0,1,1,0.22,0.00,0.22,0.22,0.22,Matches,1d5a68fe
117,Cicinho,br BRA,DF,Villarreal,30,1980,6,0,92,1.0,0,0,0,0,0,0,0,0,0.00,0.00,0.00,0.00,0.00,Matches,9e4e6402
118,Luca Cigarini,it ITA,MF,Sevilla,24,1986,6,5,380,4.2,0,0,0,0,0,0,2,0,0.00,0.00,0.00,0.00,0.00,Matches,ae64d449
119,Domingo Cisma,es ESP,DF,Racing Sant,28,1982,32,27,2415,26.8,0,1,1,0,0,0,7,1,0.00,0.04,0.04,0.00,0.04,Matches,4d85b73c
120,Jordi Codina,es ESP,GK,Getafe,28,1982,23,22,2056,22.8,0,0,0,0,0,0,1,0,0.00,0.00,0.00,0.00,0.00,Matches,812088cd
121,Diego Colotto,ar ARG,DF,La Coruña,29,1981,36,36,3191,35.5,2,2,4,2,0,0,6,1,0.06,0.06,0.11,0.06,0.11,Matches,d9d4e0c0
122,Gonzalo Colsa,es ESP,MF,Racing Sant,31,1979,31,30,2660,29.6,2,1,3,2,0,0,8,0,0.07,0.03,0.10,0.07,0.10,Matches,6fa12b44
123,Adrián Colunga,es ESP,FWMF,Getafe,25,1984,29,22,1848,20.5,8,2,10,6,2,2,1,0,0.39,0.10,0.49,0.29,0.39,Matches,2212dd4e
124,Matteo Contini,it ITA,DF,Zaragoza,30,1980,24,24,2040,22.7,0,0,0,0,0,0,11,1,0.00,0.00,0.00,0.00,0.00,Matches,dec20583
125,Ferran Corominas,es ESP,FWMF,Osasuna,27,1983,6,4,334,3.7,0,0,0,0,0,0,1,0,0.00,0.00,0.00,0.00,0.00,Matches,46d0c528
126,Ferran Corominas,es ESP,FWMF,Espanyol,27,1983,1,0,4,0.0,0,0,0,0,0,0,0,0,0.00,0.00,0.00,0.00,0.00,Matches,46d0c528
127,Corona,es ESP,MF,Almería,29,1981,30,21,1717,19.1,2,1,3,2,0,0,2,0,0.10,0.05,0.16,0.10,0.16,Matches,4798bc33
128,Enrique Corrales,es ESP,DF,Mallorca,28,1982,2,1,129,1.4,0,0,0,0,0,0,0,0,0.00,0.00,0.00,0.00,0.00,Matches,a8dbcf66
129,David Cortés,es ESP,DF,Hércules,30,1979,34,34,3035,33.7,0,1,1,0,0,0,8,0,0.00,0.03,0.03,0.00,0.03,Matches,99d15abd
130,Diego Costa,es ESP,FW,Atlético Madrid,21,1988,28,13,1362,15.1,6,2,8,6,0,0,5,0,0.40,0.13,0.53,0.40,0.53,Matches,a190d597
131,Ricardo Costa,pt POR,DF,Valencia,29,1981,29,29,2491,27.7,0,0,0,0,0,0,8,1,0.00,0.00,0.00,0.00,0.00,Matches,cd7325e1
132,Tino Costa,ar ARG,MF,Valencia,25,1985,24,17,1628,18.1,4,1,5,4,0,0,11,0,0.22,0.06,0.28,0.22,0.28,Matches,8f747a86
133,Martí Crespí,es ESP,DF,Mallorca,23,1987,5,3,274,3.0,0,0,0,0,0,0,3,0,0.00,0.00,0.00,0.00,0.00,Matches,bb2d18be
134,Cristóbal,es ESP,DFMF,Villarreal,26,1984,2,1,66,0.7,0,0,0,0,0,0,0,0,0.00,0.00,0.00,0.00,0.00,Matches,81da94e5
135,Albert Crusat,es ESP,FWMF,Almería,28,1982,34,30,2539,28.2,3,7,10,3,0,0,5,0,0.11,0.25,0.35,0.11,0.35,Matches,ba027002
136,Iván Cuéllar,es ESP,GK,Sporting Gijón,26,1984,13,13,1147,12.7,0,0,0,0,0,0,5,0,0.00,0.00,0.00,0.00,0.00,Matches,75751c99
137,Mouhamadou Dabo,fr FRA,DF,Sevilla,23,1986,24,21,1949,21.7,0,0,0,0,0,0,6,1,0.00,0.00,0.00,0.00,0.00,Matches,78853b7b
138,Jesús Dátolo,ar ARG,MF,Espanyol,26,1984,15,3,565,6.3,2,0,2,2,0,0,2,0,0.32,0.00,0.32,0.32,0.32,Matches,49e7b005
139,Ángel Dealbert,es ESP,DF,Valencia,27,1983,14,10,1000,11.1,0,0,0,0,0,0,2,0,0.00,0.00,0.00,0.00,0.00,Matches,8242a7ad
140,Asier del Horno,es ESP,DF,Levante,29,1981,22,21,1894,21.0,2,2,4,2,0,0,8,0,0.10,0.10,0.19,0.10,0.19,Matches,eb525f4a
141,Manu del Moral,es ESP,FW,Getafe,26,1984,30,28,2411,26.8,9,5,14,7,2,2,3,1,0.34,0.19,0.52,0.26,0.45,Matches,1026f88d
142,Martín Demichelis,ar ARG,DFMF,Málaga,29,1980,18,18,1480,16.4,1,0,1,1,0,0,8,2,0.06,0.00,0.06,0.06,0.06,Matches,e9c7102a
143,Vadim Demidov,no NOR,DFMF,Real Sociedad,23,1986,13,12,1094,12.2,0,1,1,0,0,0,2,0,0.00,0.08,0.08,0.00,0.08,Matches,59f3b22d
144,Yves Desmarets,ht HAI,MF,La Coruña,31,1979,12,9,685,7.6,0,0,0,0,0,0,1,0,0.00,0.00,0.00,0.00,0.00,Matches,edcacfba
145,Ángel Di María,ar ARG,FWMF,Real Madrid,22,1988,35,29,2297,25.5,6,10,16,6,0,0,6,0,0.24,0.39,0.63,0.24,0.63,Matches,19cda00b
146,Lassana Diarra,fr FRA,MF,Real Madrid,25,1985,26,19,1740,19.3,0,2,2,0,0,0,11,0,0.00,0.10,0.10,0.00,0.10,Matches,79584585
147,Mahamadou Diarra,ml MLI,MF,Real Madrid,29,1981,3,0,24,0.3,0,0,0,0,0,0,0,0,0.00,0.00,0.00,0.00,0.00,Matches,4a6c3ade
148,Cata Díaz,ar ARG,DF,Getafe,31,1979,35,35,3101,34.5,1,0,1,1,0,0,14,1,0.03,0.00,0.03,0.03,0.03,Matches,c9112443
149,Ayoze Díaz Díaz,es ESP,DFMF,Mallorca,28,1982,19,19,1710,19.0,0,1,1,0,0,0,8,0,0.00,0.05,0.05,0.00,0.05,Matches,b7209bcc
150,Carlos Diogo,uy URU,DFMF,Zaragoza,27,1983,33,33,2948,32.8,0,0,0,0,0,0,13,0,0.00,0.00,0.00,0.00,0.00,Matches,8da138d9
151,Dioni,es ESP,FW,La Coruña,20,1989,4,1,130,1.4,0,0,0,0,0,0,2,0,0.00,0.00,0.00,0.00,0.00,Matches,aac8c5ac
152,Papakouli Diop,sn SEN,MF,Racing Sant,24,1986,19,13,1060,11.8,0,1,1,0,0,0,5,0,0.00,0.08,0.08,0.00,0.08,Matches,7329018e
153,Toni Doblas,es ESP,GK,Zaragoza,29,1980,18,17,1543,17.1,0,0,0,0,0,0,3,1,0.00,0.00,0.00,0.00,0.00,Matches,d5c35223
154,Álvaro Domínguez,es ESP,DF,Atlético Madrid,21,1989,19,17,1622,18.0,2,0,2,2,0,0,5,0,0.11,0.00,0.11,0.11,0.11,Matches,cd0a9411
155,Chori Domínguez,ar ARG,FWMF,Valencia,29,1981,9,3,325,3.6,0,0,0,0,0,0,1,0,0.00,0.00,0.00,0.00,0.00,Matches,bbb66f34
156,Juan Domínguez,es ESP,MF,La Coruña,20,1990,20,9,1009,11.2,0,0,0,0,0,0,1,0,0.00,0.00,0.00,0.00,0.00,Matches,b85adf53
157,Raúl Domínguez,es ESP,GK,Sporting Gijón,23,1986,1,1,90,1.0,0,0,0,0,0,0,0,0,0.00,0.00,0.00,0.00,0.00,Matches,cc2d9767
158,Giovani dos Santos,mx MEX,FWMF,Racing Sant,21,1989,16,9,958,10.6,5,1,6,5,0,0,1,0,0.47,0.09,0.56,0.47,0.56,Matches,7dba6233
159,Jonathan dos Santos,mx MEX,MF,Barcelona,20,1990,2,1,88,1.0,0,0,0,0,0,0,0,0,0.00,0.00,0.00,0.00,0.00,Matches,91872dec
160,Ivica Dragutinovi?,rs SRB,DF,Sevilla,34,1975,2,0,12,0.1,0,0,0,0,0,0,0,0,0.00,0.00,0.00,0.00,0.00,Matches,7ab82833
161,Royston Drenthe,nl NED,DFMF,Hércules,23,1987,17,15,1294,14.4,4,2,6,3,1,1,8,0,0.28,0.14,0.42,0.21,0.35,Matches,3d512ff2
162,Duda,pt POR,DFFW,Málaga,30,1980,20,20,1574,17.5,3,6,9,3,0,0,6,0,0.17,0.34,0.51,0.17,0.51,Matches,13d41642
163,Jerzy Dudek,pl POL,GK,Real Madrid,37,1973,1,1,76,0.8,0,0,0,0,0,0,0,0,0.00,0.00,0.00,0.00,0.00,Matches,1064659d
164,Aldo Duscher,ar ARG,MF,Espanyol,31,1979,18,14,1272,14.1,0,0,0,0,0,0,9,0,0.00,0.00,0.00,0.00,0.00,Matches,44944ca7
165,Edinho,pt POR,FWMF,Málaga,28,1982,8,1,238,2.6,0,0,0,0,0,0,2,0,0.00,0.00,0.00,0.00,0.00,Matches,1955f68d
166,Edmílson,br BRA,DFMF,Zaragoza,34,1976,12,8,620,6.9,1,0,1,1,0,0,3,0,0.15,0.00,0.15,0.15,0.15,Matches,13853c88
167,Sebastián Eguren,uy URU,MF,Sporting Gijón,29,1981,30,27,2227,24.7,1,0,1,1,0,0,9,1,0.04,0.00,0.04,0.04,0.04,Matches,de07ca1e
168,Borja Ekiza,es ESP,DF,Athletic Club,22,1988,21,21,1890,21.0,0,0,0,0,0,0,1,0,0.00,0.00,0.00,0.00,0.00,Matches,6465e1c9
169,Elías,br BRA,MF,Atlético Madrid,25,1985,15,10,644,7.2,2,0,2,2,0,0,1,0,0.28,0.00,0.28,0.28,0.28,Matches,97ce8f24
170,Eliseu,pt POR,DFMF,Málaga,26,1983,35,34,2937,32.6,4,5,9,4,0,1,12,2,0.12,0.15,0.28,0.12,0.28,Matches,981869fc
171,Gorka Elustondo,es ESP,DFMF,Real Sociedad,23,1987,18,13,1184,13.2,0,0,0,0,0,0,3,0,0.00,0.00,0.00,0.00,0.00,Matches,7b309e55
172,Sergi Enrich,es ESP,FWMF,Mallorca,20,1990,5,1,121,1.3,0,0,0,0,0,0,1,0,0.00,0.00,0.00,0.00,0.00,Matches,bb4b1242
173,Julien Escudé,fr FRA,DF,Sevilla,30,1979,28,27,2435,27.1,2,0,2,2,0,0,6,0,0.07,0.00,0.07,0.07,0.07,Matches,6aa5bd41
174,Bernardo Espinosa,co COL,DF,Sevilla,21,1989,1,1,90,1.0,0,0,0,0,0,0,0,0,0.00,0.00,0.00,0.00,0.00,Matches,4242011c
175,Esteban,es ESP,GK,Almería,35,1975,5,5,450,5.0,0,0,0,0,0,0,0,0,0.00,0.00,0.00,0.00,0.00,Matches,e4fc2638
176,Dani Estrada,es ESP,DFMF,Real Sociedad,23,1987,19,18,1627,18.1,1,2,3,1,0,0,4,0,0.06,0.11,0.17,0.06,0.17,Matches,519412fd
177,Luís Fabiano,br BRA,FW,Sevilla,29,1980,21,16,1380,15.3,10,3,13,7,3,3,2,0,0.65,0.20,0.85,0.46,0.65,Matches,eaaeef7b
178,Javier Farinós,es ESP,MF,Hércules,32,1978,12,11,886,9.8,1,2,3,1,0,0,2,1,0.10,0.20,0.30,0.10,0.30,Matches,d9b0f08e
179,Federico Fazio,ar ARG,DF,Sevilla,23,1987,19,17,1504,16.7,1,0,1,1,0,0,3,0,0.06,0.00,0.06,0.06,0.06,Matches,4e358a2d
180,Sofiane Feghouli,dz ALG,FWMF,Almería,20,1989,9,4,345,3.8,2,0,2,2,0,0,0,0,0.52,0.00,0.52,0.52,0.52,Matches,691f64f5
181,Sofiane Feghouli,dz ALG,FWMF,Valencia,20,1989,3,0,33,0.4,0,0,0,0,0,0,0,0,0.00,0.00,0.00,0.00,0.00,Matches,691f64f5
182,Kiko Femenía,es ESP,DFFW,Hércules,19,1991,34,21,2076,23.1,1,5,6,1,0,0,2,0,0.04,0.22,0.26,0.04,0.26,Matches,e5d01ecf
183,Manuel Fernandes,pt POR,MF,Valencia,24,1986,7,5,485,5.4,0,1,1,0,0,0,1,0,0.00,0.19,0.19,0.00,0.19,Matches,13ac19de
184,Álex Fernández,es ESP,DFMF,Real Madrid,17,1992,1,0,3,0.0,0,0,0,0,0,0,0,0,0.00,0.00,0.00,0.00,0.00,Matches,aa677a35
185,Borja Fernández,es ESP,MF,Getafe,29,1981,13,4,467,5.2,0,0,0,0,0,0,3,0,0.00,0.00,0.00,0.00,0.00,Matches,9127f9ce
186,Mario Fernández,es ESP,GK,Racing Sant,22,1988,1,1,90,1.0,0,0,0,0,0,0,0,0,0.00,0.00,0.00,0.00,0.00,Matches,02c89cb6
187,Raúl Fernández,es ESP,GK,Athletic Club,22,1988,1,1,90,1.0,0,0,0,0,0,0,0,0,0.00,0.00,0.00,0.00,0.00,Matches,6fb59070
188,Seba Fernández,uy URU,FW,Málaga,25,1985,30,21,1900,21.1,7,4,11,7,0,,3,0,0.33,0.19,0.52,0.33,0.52,Matches,8ea14d54
189,Fernando,es ESP,FWMF,Málaga,31,1979,21,12,1082,12.0,2,0,2,2,0,0,2,0,0.17,0.00,0.17,0.17,0.17,Matches,2a81fa5d
190,Miguel Flaño,es ESP,DF,Osasuna,25,1984,30,28,2571,28.6,2,0,2,2,0,0,5,0,0.07,0.00,0.07,0.07,0.07,Matches,1662668d
191,Andreu Fontàs,es ESP,DF,Barcelona,20,1989,6,5,459,5.1,0,0,0,0,0,0,0,0,0.00,0.00,0.00,0.00,0.00,Matches,0f138d5a
192,Rui Fonte,pt POR,FWMF,Espanyol,20,1990,11,0,133,1.5,0,1,1,0,0,0,1,0,0.00,0.68,0.68,0.00,0.68,Matches,6ff8ef56
193,Diego Forlán,uy URU,FWMF,Atlético Madrid,31,1979,32,23,2167,24.1,8,7,15,8,0,2,3,0,0.33,0.29,0.62,0.33,0.62,Matches,d87d0dfc
194,Juan Forlín,ar ARG,DFMF,Espanyol,22,1988,21,21,1763,19.6,0,0,0,0,0,0,8,1,0.00,0.00,0.00,0.00,0.00,Matches,ab9ca65d
195,Francis,es ESP,DFMF,Racing Sant,28,1981,24,20,1841,20.5,0,1,1,0,0,0,4,1,0.00,0.05,0.05,0.00,0.05,Matches,ee4c7c24
196,Leo Franco,ar ARG,GK,Zaragoza,33,1977,23,21,1876,20.8,0,0,0,0,0,0,0,0,0.00,0.00,0.00,0.00,0.00,Matches,c39a5c6b
197,Matías Fritzler,ar ARG,MF,Hércules,23,1986,26,22,1795,19.9,0,0,0,0,0,0,8,2,0.00,0.00,0.00,0.00,0.00,Matches,e4100467
198,Gabi,es ESP,MF,Zaragoza,27,1983,36,36,3228,35.9,11,7,18,5,6,6,15,0,0.31,0.20,0.50,0.14,0.33,Matches,65d750b5
199,Igor Gabilondo,es ESP,MF,Athletic Club,31,1979,29,10,1060,11.8,5,4,9,5,0,0,1,0,0.42,0.34,0.76,0.42,0.76,Matches,4ce0dff0
200,Fernando Gago,ar ARG,MF,Real Madrid,24,1986,4,1,99,1.1,0,0,0,0,0,0,0,0,0.00,0.00,0.00,0.00,0.00,Matches,e86337bd
201,Ernesto Galán,es ESP,DF,Espanyol,24,1986,22,21,1833,20.4,1,0,1,1,0,0,4,1,0.05,0.00,0.05,0.05,0.05,Matches,7e4af593
202,Rodrigo Galatto,br BRA,GK,Málaga,27,1983,4,4,360,4.0,0,0,0,0,0,0,0,0,0.00,0.00,0.00,0.00,0.00,Matches,a68754f0
203,Jesús Gámez,es ESP,DF,Málaga,25,1985,30,30,2576,28.6,0,4,4,0,0,0,9,1,0.00,0.14,0.14,0.00,0.14,Matches,bd1d1cbb
204,Ezequiel Garay,ar ARG,DF,Real Madrid,23,1986,5,4,330,3.7,0,0,0,0,0,0,0,0,0.00,0.00,0.00,0.00,0.00,Matches,ac3fb1be
205,Ayoze García,es ESP,DFMF,Sporting Gijón,24,1985,13,6,560,6.2,1,0,1,0,1,1,0,0,0.16,0.00,0.16,0.00,0.00,Matches,e94dfdc6
206,Carlos García,es ESP,DF,Almería,26,1984,33,33,2942,32.7,1,0,1,1,0,0,8,1,0.03,0.00,0.03,0.03,0.03,Matches,2f21a57c
207,David García,es ESP,DF,Espanyol,29,1981,17,16,1298,14.4,0,1,1,0,0,0,3,0,0.00,0.07,0.07,0.00,0.07,Matches,f47bf593
208,Jorge García,es ESP,DF,Sporting Gijón,26,1984,5,2,218,2.4,0,0,0,0,0,0,0,0,0.00,0.00,0.00,0.00,0.00,Matches,d1bd08ef
209,Luis García,es ESP,FWMF,Espanyol,29,1981,37,36,2968,33.0,6,7,13,2,4,4,8,0,0.18,0.21,0.39,0.06,0.27,Matches,70df8d7c
210,Raúl García,es ESP,FWMF,Atlético Madrid,24,1986,29,18,1582,17.6,1,2,3,1,0,0,7,0,0.06,0.11,0.17,0.06,0.17,Matches,b418dbd4
211,Sergio García,es ESP,FWMF,Espanyol,27,1983,21,13,1171,13.0,3,1,4,3,0,0,3,0,0.23,0.08,0.31,0.23,0.31,Matches,2bee98fd
212,Manolo Gaspar,es ESP,DF,Málaga,29,1981,9,7,727,8.1,0,0,0,0,0,0,3,1,0.00,0.00,0.00,0.00,0.00,Matches,be800693
213,Mario Gaspar,es ESP,DF,Villarreal,19,1990,22,20,1833,20.4,1,1,2,1,0,0,5,0,0.05,0.05,0.10,0.05,0.10,Matches,fb5d47b3
214,Jaime Gavilán,es ESP,MF,Getafe,25,1985,18,15,1248,13.9,2,4,6,2,0,0,1,0,0.14,0.29,0.43,0.14,0.43,Matches,95de0931
215,David de Gea,es ESP,GK,Atlético Madrid,19,1990,38,38,3420,38.0,0,0,0,0,0,0,1,0,0.00,0.00,0.00,0.00,0.00,Matches,7ba6d84e
216,Diego Godín,uy URU,DF,Atlético Madrid,24,1986,25,25,2236,24.8,0,0,0,0,0,0,3,1,0.00,0.00,0.00,0.00,0.00,Matches,fc4f85b1
217,Henok Goitom,er ERI,FW,Almería,25,1984,26,8,865,9.6,1,1,2,1,0,0,0,0,0.10,0.10,0.21,0.10,0.21,Matches,c3680236
218,Tiago Gomes,pt POR,MF,Hércules,24,1985,28,25,2105,23.4,2,1,3,2,0,0,3,0,0.09,0.04,0.13,0.09,0.13,Matches,bd7fd1b5
219,Ibai Gómez,es ESP,FWMF,Athletic Club,20,1989,3,0,37,0.4,0,0,0,0,0,0,0,0,0.00,0.00,0.00,0.00,0.00,Matches,9d2a3d5f
220,Adrián González,es ESP,MF,Racing Sant,22,1988,23,16,1311,14.6,0,2,2,0,0,1,2,0,0.00,0.14,0.14,0.00,0.14,Matches,57ebd662
221,Álvaro González,es ESP,DF,Racing Sant,20,1990,3,3,261,2.9,0,0,0,0,0,0,2,0,0.00,0.00,0.00,0.00,0.00,Matches,42dcf26d
222,Carmelo González,es ESP,MF,Sporting Gijón,27,1983,18,9,915,10.2,0,1,1,0,0,0,5,0,0.00,0.10,0.10,0.00,0.10,Matches,27f4e837
223,Iván González,es ESP,DF,Málaga,22,1988,6,4,326,3.6,0,0,0,0,0,0,0,0,0.00,0.00,0.00,0.00,0.00,Matches,36587dc3
224,Mikel González,es ESP,DF,Real Sociedad,24,1985,32,30,2671,29.7,0,1,1,0,0,0,5,0,0.00,0.03,0.03,0.00,0.03,Matches,7cc5bd9c
225,Nacho González,uy URU,MF,Levante,28,1982,3,2,117,1.3,0,0,0,0,0,0,0,0,0.00,0.00,0.00,0.00,0.00,Matches,53031e02
226,Esteban Granero,es ESP,MF,Real Madrid,23,1987,19,8,784,8.7,1,2,3,1,0,0,4,0,0.11,0.23,0.34,0.11,0.34,Matches,1b17ed86
227,Antoine Griezmann,fr FRA,FWMF,Real Sociedad,19,1991,37,34,2832,31.5,7,2,9,7,0,0,7,0,0.22,0.06,0.29,0.22,0.29,Matches,df69b544
228,Vicente Guaita,es ESP,GK,Valencia,23,1987,21,19,1795,19.9,0,0,0,0,0,0,2,0,0.00,0.00,0.00,0.00,0.00,Matches,ab13a5aa
229,Andrés Guardado,mx MEX,DFFW,La Coruña,23,1986,20,18,1469,16.3,2,2,4,0,2,2,4,0,0.12,0.12,0.25,0.00,0.12,Matches,ef322658
230,Tiberio Guarente,it ITA,MF,Sevilla,24,1985,7,3,310,3.4,0,1,1,0,0,0,1,0,0.00,0.29,0.29,0.00,0.29,Matches,f5b9b859
231,Marcos Gullón,es ESP,MF,Villarreal,21,1989,1,1,68,0.8,0,0,0,0,0,0,1,0,0.00,0.00,0.00,0.00,0.00,Matches,80a6cb7f
232,Carlos Gurpegui,es ESP,DFMF,Athletic Club,29,1980,31,28,2269,25.2,2,0,2,2,0,0,16,0,0.08,0.00,0.08,0.08,0.08,Matches,6920be59
233,Jonathan de Guzmán,nl NED,MF,Mallorca,22,1987,33,33,2855,31.7,5,5,10,4,1,1,6,1,0.16,0.16,0.32,0.13,0.28,Matches,1bcca8b8
234,Henrique,br BRA,DF,Racing Sant,23,1986,35,35,3078,34.2,2,1,3,2,0,0,8,1,0.06,0.03,0.09,0.06,0.09,Matches,429163de
235,Iván Hernández,es ESP,DF,Sporting Gijón,30,1980,25,24,2167,24.1,0,0,0,0,0,0,4,0,0.00,0.00,0.00,0.00,0.00,Matches,09a1ed52
236,Pablo Hernández,es ESP,FWMF,Valencia,25,1985,27,20,1769,19.7,5,6,11,5,0,0,3,0,0.25,0.31,0.56,0.25,0.56,Matches,c0398aca
237,Ander Herrera,es ESP,MF,Zaragoza,20,1989,33,30,2604,28.9,2,2,4,2,0,0,13,2,0.07,0.07,0.14,0.07,0.14,Matches,436a9dd0
238,Cristian Hidalgo,es ESP,FWMF,Hércules,26,1983,19,2,613,6.8,0,0,0,0,0,0,1,0,0.00,0.00,0.00,0.00,0.00,Matches,262b9f04
239,Gonzalo Higuaín,ar ARG,FWMF,Real Madrid,22,1987,17,16,1285,14.3,10,5,15,10,0,0,1,0,0.70,0.35,1.05,0.70,1.05,Matches,8a08491a
240,Vicente Iborra,es ESP,MF,Levante,22,1988,16,14,1261,14.0,0,0,0,0,0,0,9,0,0.00,0.00,0.00,0.00,0.00,Matches,ad1ffcfd
241,Akihiro Ienaga,jp JPN,FWMF,Mallorca,24,1986,14,3,472,5.2,2,0,2,2,0,0,2,0,0.38,0.00,0.38,0.38,0.38,Matches,69dab98d
242,Diego Ifrán,uy URU,FW,Real Sociedad,23,1987,10,3,332,3.7,2,0,2,2,0,0,2,0,0.54,0.00,0.54,0.54,0.54,Matches,59e3e40f
243,Asier Illarramendi,es ESP,MF,Real Sociedad,20,1990,3,2,190,2.1,0,0,0,0,0,0,2,0,0.00,0.00,0.00,0.00,0.00,Matches,5ce0b5ba
244,Andrés Iniesta,es ESP,MF,Barcelona,26,1984,34,32,2786,31.0,8,4,12,8,0,0,1,0,0.26,0.13,0.39,0.26,0.39,Matches,cfd65a29
245,Natxo Insa,my MAS,MF,Villarreal,24,1986,1,0,11,0.1,0,0,0,0,0,,0,0,0.00,0.00,0.00,0.00,0.00,Matches,28ccefcd
246,Gorka Iraizoz,es ESP,GK,Athletic Club,29,1981,37,37,3330,37.0,0,0,0,0,0,0,5,0,0.00,0.00,0.00,0.00,0.00,Matches,26f2473f
247,Andoni Iraola,es ESP,DFMF,Athletic Club,28,1982,37,37,3289,36.5,4,6,10,2,2,2,6,0,0.11,0.16,0.27,0.05,0.22,Matches,f4bbed41
248,Isco,es ESP,FWMF,Valencia,18,1992,4,0,68,0.8,0,0,0,0,0,0,0,0,0.00,0.00,0.00,0.00,0.00,Matches,a0b4bb3e
249,Ander Iturraspe,es ESP,MF,Athletic Club,21,1989,17,5,564,6.3,0,0,0,0,0,0,5,0,0.00,0.00,0.00,0.00,0.00,Matches,6dce77a5
250,Michael Jakobsen,dk DEN,DF,Almería,24,1986,16,14,1201,13.3,0,1,1,0,0,0,4,1,0.00,0.07,0.07,0.00,0.07,Matches,9135fc2e
251,Ji?í Jarošík,cz CZE,DFMF,Zaragoza,32,1977,36,36,3197,35.5,3,0,3,3,0,0,6,1,0.08,0.00,0.08,0.08,0.08,Matches,55ea6bb4
252,Jesús,es ESP,GK,Real Madrid,22,1988,1,0,14,0.2,0,,,0,0,,0,0,0.00,,,0.00,,Matches,fba3c8c1
253,Joaquín,es ESP,FWMF,Valencia,29,1981,30,24,2069,23.0,4,6,10,4,0,0,6,0,0.17,0.26,0.43,0.17,0.43,Matches,4c5b14d2
254,Jonas,br BRA,FW,Valencia,26,1984,13,8,683,7.6,3,4,7,3,0,0,2,0,0.40,0.53,0.92,0.40,0.92,Matches,9bcd6455
255,Rafa Jordà,es ESP,FW,Levante,26,1984,17,7,748,8.3,2,0,2,2,0,0,4,0,0.24,0.00,0.24,0.24,0.24,Matches,05e805eb
256,Joselu,es ESP,FW,Real Madrid,20,1990,1,0,7,0.1,1,,,1,0,,0,0,12.86,,,12.86,,Matches,6265208f
257,Josetxo,es ESP,DF,Osasuna,33,1977,9,6,583,6.5,0,0,0,0,0,0,2,0,0.00,0.00,0.00,0.00,0.00,Matches,c1a297b4
258,Juanfran,es ESP,DFMF,Osasuna,25,1985,18,18,1544,17.2,1,2,3,1,0,0,3,0,0.06,0.12,0.17,0.06,0.17,Matches,cfd8d664
259,Juanfran,es ESP,DF,Levante,34,1976,23,22,1912,21.2,0,0,0,0,0,0,10,0,0.00,0.00,0.00,0.00,0.00,Matches,d8a22e59
260,Juanfran,es ESP,DFMF,Atlético Madrid,25,1985,15,5,600,6.7,1,2,3,1,0,0,1,0,0.15,0.30,0.45,0.15,0.45,Matches,cfd8d664
261,Juanito,es ESP,DFMF,Málaga,30,1980,6,5,472,5.2,0,0,0,0,0,0,1,0,0.00,0.00,0.00,0.00,0.00,Matches,47176127
262,Juanito,es ESP,DFMF,Almería,30,1980,9,5,487,5.4,0,0,0,0,0,0,1,0,0.00,0.00,0.00,0.00,0.00,Matches,47176127
263,Juankar,es ESP,DFFW,Real Madrid,20,1990,1,0,10,0.1,0,0,0,0,0,0,0,0,0.00,0.00,0.00,0.00,0.00,Matches,e9a12436
264,Juanlu,es ESP,MF,Levante,30,1980,30,28,2292,25.5,3,6,9,3,0,0,8,0,0.12,0.24,0.35,0.12,0.35,Matches,94b88487
265,Juanmi,es ESP,FWMF,Málaga,17,1993,17,6,604,6.7,4,2,6,4,0,0,1,0,0.60,0.30,0.89,0.60,0.89,Matches,84399660
266,Juanra,es ESP,DF,Hércules,30,1980,14,13,1195,13.3,0,1,1,0,0,0,3,0,0.00,0.08,0.08,0.00,0.08,Matches,616d9a30
267,Juca,br BRA,MF,La Coruña,30,1979,8,1,221,2.5,0,1,1,0,0,0,0,0,0.00,0.41,0.41,0.00,0.41,Matches,ecb0057e
268,Kaká,br BRA,FWMF,Real Madrid,28,1982,14,11,802,8.9,7,4,11,5,2,2,0,0,0.79,0.45,1.23,0.56,1.01,Matches,b2d6ea70
269,Carlos Kameni,cm CMR,GK,Espanyol,26,1984,33,33,2970,33.0,0,0,0,0,0,0,4,0,0.00,0.00,0.00,0.00,0.00,Matches,867c7fb3
270,Frédéric Kanouté,ml MLI,FW,Sevilla,32,1977,28,19,1891,21.0,12,3,15,9,3,4,6,0,0.57,0.14,0.71,0.43,0.57,Matches,1a24d5b6
271,Seydou Keita,ml MLI,MF,Barcelona,30,1980,35,15,1558,17.3,3,2,5,3,0,0,2,0,0.17,0.12,0.29,0.17,0.29,Matches,500c4e9b
272,Kevin,es ESP,DF,Mallorca,20,1989,19,18,1583,17.6,0,0,0,0,0,0,3,0,0.00,0.00,0.00,0.00,0.00,Matches,38ccaadc
273,Sami Khedira,de GER,MF,Real Madrid,23,1987,25,20,1849,20.5,0,1,1,0,0,0,7,0,0.00,0.05,0.05,0.00,0.05,Matches,38ac43d3
274,Koke,es ESP,MF,Atlético Madrid,18,1992,17,8,842,9.4,2,0,2,2,0,0,0,0,0.21,0.00,0.21,0.21,0.21,Matches,55126f3b
275,Arouna Koné,ci CIV,FW,Sevilla,26,1983,1,0,3,0.0,0,0,0,0,0,0,0,0,0.00,0.00,0.00,0.00,0.00,Matches,f9a72ca4
276,Abdoulay Konko,fr FRA,DFMF,Sevilla,26,1984,11,9,813,9.0,2,0,2,2,0,0,3,1,0.22,0.00,0.22,0.22,0.22,Matches,43857861
277,Bojan Krki?,es ESP,FWMF,Barcelona,19,1990,27,9,949,10.5,6,2,8,5,1,1,2,0,0.57,0.19,0.76,0.47,0.66,Matches,9fa0a0b8
278,Alberto de la Bella,es ESP,DF,Real Sociedad,24,1985,30,28,2526,28.1,0,1,1,0,0,0,4,0,0.00,0.04,0.04,0.00,0.04,Matches,8497faf7
279,Iván de la Peña,es ESP,MF,Espanyol,34,1976,1,0,26,0.3,0,0,0,0,0,0,0,0,0.00,0.00,0.00,0.00,0.00,Matches,96a4976d
280,Mikel Labaka,es ESP,DF,Real Sociedad,29,1980,14,9,926,10.3,0,1,1,0,0,0,3,0,0.00,0.10,0.10,0.00,0.10,Matches,e83de90d
281,Mehdi Lacen,dz ALG,MF,Racing Sant,26,1984,33,24,2336,26.0,1,1,2,1,0,0,5,1,0.04,0.04,0.08,0.04,0.08,Matches,a3a306f6
282,Kevin Lacruz,es ESP,MF,Zaragoza,18,1992,3,2,153,1.7,0,0,0,0,0,0,1,0,0.00,0.00,0.00,0.00,0.00,Matches,b930ede6
283,Ángel Lafita,es ESP,FWMF,Zaragoza,25,1984,30,22,2041,22.7,4,0,4,4,0,0,4,0,0.18,0.00,0.18,0.18,0.18,Matches,0b68c35a
284,Marcos Landeira,es ESP,MF,Sporting Gijón,23,1987,1,0,17,0.2,0,0,0,0,0,0,0,0,0.00,0.00,0.00,0.00,0.00,Matches,8e016a91
285,Maurizio Lanzaro,it ITA,DF,Zaragoza,28,1982,17,17,1375,15.3,1,0,1,1,0,0,8,0,0.07,0.00,0.07,0.07,0.07,Matches,52eacf54
286,Gorka Larrea,es ESP,MF,Levante,26,1984,6,2,239,2.7,0,0,0,0,0,0,1,0,0.00,0.00,0.00,0.00,0.00,Matches,242e09b6
287,Miguel de las Cuevas,es ESP,MF,Sporting Gijón,24,1986,37,30,2469,27.4,6,3,9,6,0,0,5,0,0.22,0.11,0.33,0.22,0.33,Matches,2e1cf3d2
288,Laure,es ESP,DF,La Coruña,25,1985,22,21,1891,21.0,1,0,1,1,0,0,8,1,0.05,0.00,0.05,0.05,0.05,Matches,256f3aa9
289,Dejan Leki?,rs SRB,FW,Osasuna,25,1985,27,5,774,8.6,2,0,2,2,0,0,3,0,0.23,0.00,0.23,0.23,0.23,Matches,f73b1a65
290,Pedro León,es ESP,FWMF,Real Madrid,23,1986,6,0,143,1.6,0,1,1,0,0,0,1,0,0.00,0.63,0.63,0.00,0.63,Matches,d66b9872
291,Koikili Lertxundi,es ESP,DF,Athletic Club,29,1980,16,16,1343,14.9,0,0,0,0,0,0,5,1,0.00,0.00,0.00,0.00,0.00,Matches,066272e4
292,Lillo,es ESP,DF,Almería,21,1989,2,1,116,1.3,0,0,0,0,0,0,1,0,0.00,0.00,0.00,0.00,0.00,Matches,476ca810
293,Fernando Llorente,es ESP,FW,Athletic Club,25,1985,38,37,3163,35.1,18,2,20,18,0,0,4,0,0.51,0.06,0.57,0.51,0.57,Matches,82dbf623
294,Joseba Llorente,es ESP,FW,Real Sociedad,30,1979,18,15,1264,14.0,5,7,12,5,0,0,4,0,0.36,0.50,0.85,0.36,0.85,Matches,ddb98947
295,Adrián Lois,es ESP,MF,Levante,21,1989,1,0,13,0.1,0,0,0,0,0,0,0,0,0.00,0.00,0.00,0.00,0.00,Matches,4337da46
296,Lolo,es ESP,DFMF,Osasuna,25,1984,27,23,2037,22.6,2,0,2,2,0,0,6,1,0.09,0.00,0.09,0.09,0.09,Matches,31c71140
297,Adrián López,es ESP,FW,La Coruña,22,1988,36,31,2647,29.4,8,3,11,6,2,2,2,0,0.27,0.10,0.37,0.20,0.31,Matches,88a359d4
298,Ángel López,es ESP,DFMF,Villarreal,29,1981,18,18,1594,17.7,0,2,2,0,0,0,4,0,0.00,0.11,0.11,0.00,0.11,Matches,93cdc601
299,Antonio López,es ESP,DFMF,Atlético Madrid,28,1981,17,15,1334,14.8,0,2,2,0,0,0,2,1,0.00,0.13,0.13,0.00,0.13,Matches,e55190d5
300,David López,es ESP,MF,Athletic Club,27,1982,28,17,1606,17.8,6,6,12,3,3,4,3,0,0.34,0.34,0.67,0.17,0.50,Matches,a698164e
301,David López,es ESP,DFMF,Espanyol,20,1989,3,0,30,0.3,0,0,0,0,0,0,0,0,0.00,0.00,0.00,0.00,0.00,Matches,f03f284b
302,Diego López,es ESP,GK,Villarreal,28,1981,38,38,3420,38.0,0,0,0,0,0,0,3,0,0.00,0.00,0.00,0.00,0.00,Matches,73683fa9
303,Eric López,es ESP,MF,Espanyol,17,1993,2,0,15,0.2,0,0,0,0,0,0,0,0,0.00,0.00,0.00,0.00,0.00,Matches,45ac80b3
304,Javi López,es ESP,DFMF,Espanyol,24,1986,25,18,1656,18.4,0,0,0,0,0,0,5,0,0.00,0.00,0.00,0.00,0.00,Matches,ffad706e
305,Jorge López,es ESP,MF,Zaragoza,31,1978,27,12,1118,12.4,0,1,1,0,0,0,2,0,0.00,0.08,0.08,0.00,0.08,Matches,cf66479e
306,Alberto Lopo,es ESP,DF,La Coruña,30,1980,33,33,2894,32.2,2,0,2,2,0,0,14,1,0.06,0.00,0.06,0.06,0.06,Matches,17cd5bb7
307,Alberto Lora,es ESP,DFMF,Sporting Gijón,23,1987,36,35,3172,35.2,0,2,2,0,0,0,7,1,0.00,0.06,0.06,0.00,0.06,Matches,723cd8b7
308,Filipe Luís,br BRA,DF,Atlético Madrid,24,1985,27,23,2068,23.0,1,2,3,1,0,0,4,0,0.04,0.09,0.13,0.04,0.13,Matches,e4ed2628
309,José Luis Martí,es ESP,MF,Mallorca,35,1975,34,33,2801,31.1,0,2,2,0,0,0,9,0,0.00,0.06,0.06,0.00,0.06,Matches,111c668a
310,Antonio Luna,es ESP,DF,Almería,19,1991,13,13,1167,13.0,0,1,1,0,0,0,3,1,0.00,0.08,0.08,0.00,0.08,Matches,ed239245
311,Antonio Luna,es ESP,DF,Sevilla,19,1991,2,2,169,1.9,0,0,0,0,0,0,1,0,0.00,0.00,0.00,0.00,0.00,Matches,ed239245
312,Albert Luque,es ESP,FWMF,Málaga,32,1978,3,0,80,0.9,0,1,1,0,0,0,1,0,0.00,1.13,1.13,0.00,1.13,Matches,80a6b1d8
313,Julián Luque Conde,es ESP,FWMF,Racing Sant,18,1992,7,1,226,2.5,0,1,1,0,0,0,0,0,0.00,0.40,0.40,0.00,0.40,Matches,61d8d347
314,Germán Lux,ar ARG,GK,Mallorca,28,1982,4,3,315,3.5,0,0,0,0,0,0,0,0,0.00,0.00,0.00,0.00,0.00,Matches,14ed837f
315,Modeste M'bami,cm CMR,MF,Almería,27,1982,30,28,2476,27.5,1,1,2,1,0,0,7,0,0.04,0.04,0.07,0.04,0.07,Matches,82ec2963
316,Hedwiges Maduro,nl NED,DFMF,Valencia,25,1985,18,17,1476,16.4,1,0,1,1,0,0,5,0,0.06,0.00,0.06,0.06,0.06,Matches,5918cc84
317,Mané,es ESP,DFMF,Getafe,28,1981,31,30,2611,29.0,0,1,1,0,0,0,7,0,0.00,0.03,0.03,0.00,0.03,Matches,6b015a27
318,Manu,es ESP,GK,La Coruña,24,1986,6,6,540,6.0,0,0,0,0,0,0,0,0,0.00,0.00,0.00,0.00,0.00,Matches,e6c6988d
319,José Manuel Jurado,es ESP,MF,Atlético Madrid,24,1986,1,1,76,0.8,1,0,1,1,0,0,0,0,1.18,0.00,1.18,1.18,1.18,Matches,71d4e271
320,Juan Manuel Ortiz,es ESP,DFMF,Almería,28,1982,26,24,2126,23.6,1,1,2,1,0,0,12,0,0.04,0.04,0.08,0.04,0.08,Matches,77513881
321,José Manuel Pinto,es ESP,GK,Barcelona,34,1975,6,6,540,6.0,0,0,0,0,0,0,0,0,0.00,0.00,0.00,0.00,0.00,Matches,4a3cd9b7
322,Iván Marcano,es ESP,DF,Getafe,23,1987,29,26,2458,27.3,1,0,1,1,0,0,10,1,0.04,0.00,0.04,0.04,0.04,Matches,7a20d90a
323,Marcelo,br BRA,DFMF,Real Madrid,22,1988,32,31,2741,30.5,3,4,7,3,0,0,7,0,0.10,0.13,0.23,0.10,0.23,Matches,603116a7
324,Carlos Marchena,es ESP,DFMF,Villarreal,31,1979,28,27,2345,26.1,1,0,1,1,0,0,10,1,0.04,0.00,0.04,0.04,0.04,Matches,48ddb821
325,Nélson Marcos,pt POR,DF,Osasuna,27,1983,29,25,2262,25.1,1,0,1,1,0,0,3,0,0.04,0.00,0.04,0.04,0.04,Matches,d0d41afb
326,Óscar de Marcos,es ESP,DFFW,Athletic Club,21,1989,13,3,540,6.0,0,0,0,0,0,0,3,0,0.00,0.00,0.00,0.00,0.00,Matches,9f323c71
327,Enzo Maresca,it ITA,MF,Málaga,30,1980,20,9,715,7.9,2,2,4,2,0,0,2,0,0.25,0.25,0.50,0.25,0.50,Matches,1a899d99
328,Mario,es ESP,DF,Getafe,28,1982,3,3,225,2.5,0,0,0,0,0,0,1,0,0.00,0.00,0.00,0.00,0.00,Matches,e6ede7f4
329,Javi Márquez,es ESP,MF,Espanyol,24,1986,29,26,2216,24.6,2,2,4,2,0,0,7,0,0.08,0.08,0.16,0.08,0.16,Matches,40c7cdd2
330,Carlos Martínez,es ESP,DF,Real Sociedad,24,1986,25,25,2205,24.5,0,2,2,0,0,0,1,0,0.00,0.08,0.08,0.00,0.08,Matches,d9b0cc38
331,Igor Martínez,es ESP,FWMF,Athletic Club,21,1989,8,5,358,4.0,0,2,2,0,0,0,0,0,0.00,0.50,0.50,0.00,0.50,Matches,c68990c2
332,Javi Martínez,es ESP,DFMF,Athletic Club,21,1988,35,35,2974,33.0,4,2,6,4,0,0,11,0,0.12,0.06,0.18,0.12,0.18,Matches,7f97771d
333,Javier Mascherano,ar ARG,DFMF,Barcelona,26,1984,27,18,1542,17.1,0,0,0,0,0,0,6,0,0.00,0.00,0.00,0.00,0.00,Matches,5070881b
334,Juan Mata,es ESP,FWMF,Valencia,22,1988,33,31,2567,28.5,8,11,19,7,1,1,3,0,0.28,0.39,0.67,0.25,0.63,Matches,29733c72
335,Sergio Matabuena,es ESP,MF,Sporting Gijón,31,1979,4,3,252,2.8,0,0,0,0,0,0,1,0,0.00,0.00,0.00,0.00,0.00,Matches,93faf8c3
336,Jérémy Mathieu,fr FRA,DF,Valencia,26,1983,29,27,2198,24.4,1,3,4,1,0,0,4,0,0.04,0.12,0.16,0.04,0.16,Matches,5b887c7a
337,Javier Matilla,es ESP,MF,Villarreal,21,1988,11,3,361,4.0,0,0,0,0,0,0,0,0,0.00,0.00,0.00,0.00,0.00,Matches,35fa45cc
338,Maxwell,br BRA,DF,Barcelona,28,1981,25,19,1820,20.2,0,1,1,0,0,0,2,0,0.00,0.05,0.05,0.00,0.05,Matches,6f08cece
339,Gary Medel,cl CHI,DFMF,Sevilla,22,1987,15,15,1292,14.4,0,0,0,0,0,0,7,1,0.00,0.00,0.00,0.00,0.00,Matches,563a68ad
340,Tomás Mejías,es ESP,GK,Real Madrid,21,1989,1,0,8,0.1,0,0,0,0,0,0,0,0,0.00,0.00,0.00,0.00,0.00,Matches,dc0c0fd9
341,Tiago Mendes,pt POR,MF,Atlético Madrid,29,1981,31,28,2381,26.5,4,3,7,4,0,0,10,0,0.15,0.11,0.26,0.15,0.26,Matches,5e0f7b89
342,Guillermo Méndez,es ESP,FW,Sporting Gijón,18,1992,1,0,10,0.1,0,0,0,0,0,0,0,0,0.00,0.00,0.00,0.00,0.00,Matches,c8e7f6f2
343,Fran Mérida,es ESP,MF,Atlético Madrid,20,1990,17,6,660,7.3,0,2,2,0,0,0,3,0,0.00,0.27,0.27,0.00,0.27,Matches,0e50f929
344,Lionel Messi,ar ARG,FWMF,Barcelona,23,1987,33,31,2858,31.8,31,19,50,27,4,4,3,0,0.98,0.60,1.57,0.85,1.45,Matches,d70ce98e
345,Míchel,es ESP,MF,La Coruña,22,1988,8,7,441,4.9,0,1,1,0,0,0,1,0,0.00,0.20,0.20,0.00,0.20,Matches,418f8f61
346,Michel,br BRA,DF,Almería,20,1990,31,30,2646,29.4,0,1,1,0,0,0,6,0,0.00,0.03,0.03,0.00,0.03,Matches,05384ea1
347,Miku,ve VEN,FW,Getafe,24,1985,31,24,2188,24.3,7,2,9,6,1,1,6,0,0.29,0.08,0.37,0.25,0.33,Matches,4eba9598
348,Gabriel Milito,ar ARG,DF,Barcelona,29,1980,10,8,645,7.2,0,0,0,0,0,0,2,0,0.00,0.00,0.00,0.00,0.00,Matches,095009cc
349,Manu Molina,es ESP,MF,Espanyol,18,1991,7,1,189,2.1,0,0,0,0,0,0,1,0,0.00,0.00,0.00,0.00,0.00,Matches,4a541583
350,Nacho Monreal,es ESP,DF,Osasuna,24,1986,31,31,2754,30.6,1,1,2,1,0,0,7,1,0.03,0.03,0.07,0.03,0.07,Matches,d4cb83cc
351,Miguel Monteiro,pt POR,DF,Valencia,30,1980,24,20,1827,20.3,0,2,2,0,0,0,1,0,0.00,0.10,0.10,0.00,0.10,Matches,930ef69d
352,Jefferson Montero,ec ECU,FWMF,Villarreal,20,1989,9,0,145,1.6,1,1,2,1,0,0,0,0,0.62,0.62,1.24,0.62,1.24,Matches,fa6561bf
353,Jefferson Montero,ec ECU,FWMF,Levante,20,1989,11,4,534,5.9,0,0,0,0,0,0,1,0,0.00,0.00,0.00,0.00,0.00,Matches,fa6561bf
354,Martín Montoya,es ESP,DF,Barcelona,19,1991,2,1,17,0.2,0,0,0,0,0,0,0,0,0.00,0.00,0.00,0.00,0.00,Matches,5cec2487
355,Luis Morán,es ESP,MF,Sporting Gijón,23,1987,15,6,614,6.8,0,0,0,0,0,0,2,0,0.00,0.00,0.00,0.00,0.00,Matches,f175a6ba
356,Álvaro Morata,es ESP,FW,Real Madrid,17,1992,1,0,3,0.0,0,0,0,0,0,0,0,0,0.00,0.00,0.00,0.00,0.00,Matches,129af0db
357,Claudio Morel Rodríguez,py PAR,DF,La Coruña,32,1978,15,14,1245,13.8,0,0,0,0,0,0,1,0,0.00,0.00,0.00,0.00,0.00,Matches,2a5c8856
358,Pedro Mosquera,es ESP,MF,Getafe,22,1988,14,4,448,5.0,0,1,1,0,0,0,3,1,0.00,0.20,0.20,0.00,0.20,Matches,c5fa58ea
359,Patrick Mtiliga,dk DEN,DF,Málaga,29,1981,19,17,1553,17.3,0,1,1,0,0,0,4,0,0.00,0.06,0.06,0.00,0.06,Matches,594ebb79
360,Iker Muniain,es ESP,FWMF,Athletic Club,17,1992,35,30,2564,28.5,5,2,7,5,0,0,6,0,0.18,0.07,0.25,0.18,0.25,Matches,c05dfb74
361,Pedro Munitis,es ESP,FW,Racing Sant,35,1975,36,33,2830,31.4,1,4,5,1,0,0,9,1,0.03,0.13,0.16,0.03,0.16,Matches,61b5cd53
362,Juan Muñiz,es ESP,MF,Sporting Gijón,18,1992,1,0,26,0.3,0,,,0,0,,0,0,0.00,,,0.00,,Matches,1533d658
363,Gustavo Munúa,uy URU,GK,Levante,32,1978,20,20,1800,20.0,0,0,0,0,0,0,6,0,0.00,0.00,0.00,0.00,0.00,Matches,7e384992
364,Mateo Musacchio,ar ARG,DF,Villarreal,19,1990,31,27,2387,26.5,0,1,1,0,0,0,9,1,0.00,0.04,0.04,0.00,0.04,Matches,91899ca8
365,Guirane N'Daw,sn SEN,DFMF,Zaragoza,26,1984,9,3,267,3.0,0,0,0,0,0,0,1,0,0.00,0.00,0.00,0.00,0.00,Matches,cc61ee7a
366,Nacho,es ESP,DF,Real Madrid,20,1990,2,2,141,1.6,0,0,0,0,0,0,0,0,0.00,0.00,0.00,0.00,0.00,Matches,2946f9a1
367,Xisco Nadal,es ESP,FWMF,Levante,24,1986,25,12,1180,13.1,0,2,2,0,0,0,1,2,0.00,0.15,0.15,0.00,0.15,Matches,5dc11264
368,Ariel Nahuelpán,ar ARG,FW,Racing Sant,22,1987,30,15,1376,15.3,3,0,3,3,0,1,2,0,0.20,0.00,0.20,0.20,0.20,Matches,3334db7c
369,Nano,es ESP,DF,Levante,30,1980,32,28,2570,28.6,2,1,3,2,0,0,9,0,0.07,0.04,0.11,0.07,0.11,Matches,3d6dd9f9
370,David Navarro,es ESP,DF,Valencia,30,1980,17,16,1285,14.3,1,0,1,1,0,0,7,1,0.07,0.00,0.07,0.07,0.07,Matches,5dbdb37b
371,Fernando Navarro,es ESP,DF,Sevilla,28,1982,30,30,2563,28.5,0,0,0,0,0,0,8,2,0.00,0.00,0.00,0.00,0.00,Matches,5a3f6fae
372,Jesús Navas,es ESP,DFFW,Sevilla,24,1985,15,15,1348,15.0,1,4,5,1,0,0,3,0,0.07,0.27,0.33,0.07,0.33,Matches,3f10bd22
373,Álvaro Negredo,es ESP,FW,Sevilla,24,1985,38,29,2608,29.0,20,6,26,16,4,5,4,0,0.69,0.21,0.90,0.55,0.76,Matches,63b0ca6b
374,Javad Nekounam,ir IRN,MF,Osasuna,29,1980,26,26,2220,24.7,6,1,7,1,5,5,10,0,0.24,0.04,0.28,0.04,0.08,Matches,baccd726
375,Nilmar,br BRA,FW,Villarreal,26,1984,31,27,2359,26.2,10,2,12,10,0,0,3,0,0.38,0.08,0.46,0.38,0.46,Matches,90a5a4aa
376,Braulio Nóbrega,es ESP,FW,Zaragoza,24,1985,27,12,1351,15.0,3,3,6,3,0,0,5,0,0.20,0.20,0.40,0.20,0.40,Matches,6e02869d
377,Alberto Noguera,es ESP,MF,Atlético Madrid,20,1989,2,0,9,0.1,0,0,0,0,0,0,0,0,0.00,0.00,0.00,0.00,0.00,Matches,8a46f4c8
378,Nolito,es ESP,FWMF,Barcelona,23,1986,2,0,16,0.2,0,0,0,0,0,0,0,0,0.00,0.00,0.00,0.00,0.00,Matches,b2d0ec1b
379,Lassad Nouioui,tn TUN,FW,La Coruña,24,1986,33,16,1454,16.2,5,1,6,5,0,0,3,0,0.31,0.06,0.37,0.31,0.37,Matches,fca860e6
380,Nacho Novo,es ESP,FW,Sporting Gijón,31,1979,31,15,1542,17.1,4,0,4,4,0,0,5,0,0.23,0.00,0.23,0.23,0.23,Matches,8391cd3f
381,Emilio Nsue,gq EQG,DFFW,Mallorca,20,1989,38,34,2950,32.8,4,2,6,4,0,0,2,0,0.12,0.06,0.18,0.12,0.18,Matches,1c9bc4fa
382,José Nunes,pt POR,DF,Mallorca,33,1977,34,34,2992,33.2,1,0,1,1,0,0,7,1,0.03,0.00,0.03,0.03,0.03,Matches,adacff32
383,Ivan Obradovi?,rs SRB,DF,Zaragoza,22,1988,20,19,1565,17.4,0,0,0,0,0,0,5,0,0.00,0.00,0.00,0.00,0.00,Matches,f6ddac8f
384,Aitor Ocio,es ESP,DF,Athletic Club,33,1976,4,3,279,3.1,0,0,0,0,0,0,1,0,0.00,0.00,0.00,0.00,0.00,Matches,f1c8639b
385,Knut Olav Rindarøy,no NOR,DF,La Coruña,25,1985,4,3,243,2.7,0,0,0,0,0,0,1,0,0.00,0.00,0.00,0.00,0.00,Matches,9609a506
386,Kiko Olivas,es ESP,DF,Villarreal,21,1988,4,2,183,2.0,0,0,0,0,0,0,1,0,0.00,0.00,0.00,0.00,0.00,Matches,72b07a9c
387,Weligton Oliveira,br BRA,DF,Málaga,30,1979,31,31,2790,31.0,1,1,2,1,0,0,5,0,0.03,0.03,0.06,0.03,0.06,Matches,ce8c6861
388,Pablo Orbaiz,es ESP,MF,Athletic Club,31,1979,26,18,1672,18.6,1,2,3,1,0,0,3,0,0.05,0.11,0.16,0.05,0.16,Matches,3654d355
389,Joan Oriol,es ESP,DF,Villarreal,23,1986,6,1,142,1.6,0,0,0,0,0,0,1,0,0.00,0.00,0.00,0.00,0.00,Matches,7ccb2ef6
390,José Ortiz Bernal,es ESP,FWMF,Almería,32,1977,15,0,252,2.8,0,2,2,0,0,0,0,0,0.00,0.71,0.71,0.00,0.71,Matches,60393076
391,Osmar,es ESP,DFMF,Racing Sant,22,1988,4,2,258,2.9,0,0,0,0,0,0,0,0,0.00,0.00,0.00,0.00,0.00,Matches,8598175c
392,Dani Osvaldo,it ITA,FW,Espanyol,24,1986,24,22,1741,19.3,13,4,17,11,2,2,4,1,0.67,0.21,0.88,0.57,0.78,Matches,3f0eba4f
393,Quincy Owusu-Abeyie,gh GHA,FWMF,Málaga,24,1986,25,15,1477,16.4,2,3,5,2,0,0,1,0,0.12,0.18,0.30,0.12,0.30,Matches,a1d1f404
394,Mesut Özil,de GER,MF,Real Madrid,21,1988,36,30,2523,28.0,6,16,22,6,0,0,2,0,0.21,0.57,0.78,0.21,0.78,Matches,16380240
395,Juan Pablo Colinas,es ESP,GK,Sporting Gijón,31,1978,25,24,2183,24.3,0,0,0,0,0,0,3,0,0.00,0.00,0.00,0.00,0.00,Matches,b2cab8f4
396,Manuel Pablo,es ESP,DF,La Coruña,34,1976,30,30,2639,29.3,0,1,1,0,0,0,2,0,0.00,0.03,0.03,0.00,0.03,Matches,c1776cef
397,Miguel Pallardó,es ESP,MF,Levante,23,1986,27,21,1814,20.2,0,0,0,0,0,0,6,0,0.00,0.00,0.00,0.00,0.00,Matches,6c3dfe68
398,Andrés Palop,es ESP,GK,Sevilla,36,1973,19,19,1632,18.1,0,0,0,0,0,0,2,1,0.00,0.00,0.00,0.00,0.00,Matches,9ab4e785
399,Noé Pamarot,fr FRA,DF,Hércules,31,1979,29,28,2540,28.2,0,0,0,0,0,0,8,0,0.00,0.00,0.00,0.00,0.00,Matches,6036afc6
400,Walter Pandiani,uy URU,FW,Osasuna,34,1976,21,13,1285,14.3,3,0,3,3,0,0,4,0,0.21,0.00,0.21,0.21,0.21,Matches,11899bb1
401,Javier Paredes,es ESP,DF,Zaragoza,28,1982,19,16,1578,17.5,0,1,1,0,0,0,8,0,0.00,0.06,0.06,0.00,0.06,Matches,488a9ade
402,Daniel Parejo,es ESP,MF,Getafe,21,1989,36,28,2457,27.3,3,5,8,3,0,0,8,0,0.11,0.18,0.29,0.11,0.29,Matches,7460ca0d
403,Abraham Paz,es ESP,DF,Hércules,31,1979,29,29,2422,26.9,2,0,2,2,0,0,7,0,0.07,0.00,0.07,0.07,0.07,Matches,15ec0042
404,Pedro,es ESP,FWMF,Barcelona,23,1987,33,24,2126,23.6,13,9,22,13,0,0,2,0,0.55,0.38,0.93,0.55,0.93,Matches,3ca7254a
405,Hernán Pellerano,ar ARG,DF,Almería,26,1984,8,7,611,6.8,0,0,0,0,0,0,2,0,0.00,0.00,0.00,0.00,0.00,Matches,027f513e
406,Paco Peña,es ESP,DF,Hércules,32,1978,28,28,2467,27.4,0,0,0,0,0,0,8,0,0.00,0.00,0.00,0.00,0.00,Matches,e3b01965
407,Pepe,pt POR,DFMF,Real Madrid,27,1983,26,25,2224,24.7,1,0,1,1,0,0,7,1,0.04,0.00,0.04,0.04,0.04,Matches,c906ce0f
408,Michael Pereira,fr FRA,FWMF,Mallorca,22,1987,35,24,2312,25.7,5,4,9,5,0,0,5,0,0.19,0.16,0.35,0.19,0.35,Matches,2969ccd2
409,Iñigo Pérez,es ESP,MF,Athletic Club,22,1988,3,0,57,0.6,1,0,1,1,0,0,0,0,1.58,0.00,1.58,1.58,1.58,Matches,bc61cc65
410,Marco Pérez,co COL,FWMF,Zaragoza,19,1990,16,3,579,6.4,1,0,1,1,0,0,0,0,0.16,0.00,0.16,0.16,0.16,Matches,2264e79b
411,Rubén Pérez,es ESP,MF,La Coruña,21,1989,32,31,2742,30.5,0,1,1,0,0,0,12,0,0.00,0.03,0.03,0.00,0.03,Matches,3c7bc9bd
412,Diego Perotti,ar ARG,FWMF,Sevilla,22,1988,31,27,2317,25.7,3,7,10,3,0,0,5,0,0.12,0.27,0.39,0.12,0.39,Matches,a40d5a0c
413,Pablo Piatti,ar ARG,FWMF,Almería,21,1989,35,34,2929,32.5,8,4,12,8,0,0,7,0,0.25,0.12,0.37,0.25,0.37,Matches,48e89655
414,Tomás Pina Isla,es ESP,MF,Mallorca,22,1987,9,1,169,1.9,0,0,0,0,0,0,0,0,0.00,0.00,0.00,0.00,0.00,Matches,e54bd0a2
415,Pablo Pinillos Caro,es ESP,DF,Racing Sant,36,1974,20,19,1638,18.2,2,2,4,1,1,2,5,0,0.11,0.11,0.22,0.05,0.16,Matches,9d19d667
416,Ádám Pintér,hu HUN,DFMF,Zaragoza,22,1988,9,4,373,4.1,0,0,0,0,0,0,3,1,0.00,0.00,0.00,0.00,0.00,Matches,fdbcd938
417,Pablo Pintos,uy URU,DF,Getafe,23,1987,6,4,428,4.8,0,0,0,0,0,0,2,0,0.00,0.00,0.00,0.00,0.00,Matches,0fe4654e
418,Gerard Piqué,es ESP,DF,Barcelona,23,1987,31,29,2649,29.4,3,1,4,3,0,0,10,1,0.10,0.03,0.14,0.10,0.14,Matches,adfc9123
419,Waldo Ponce,cl CHI,DF,Racing Sant,27,1982,2,2,180,2.0,0,0,0,0,0,0,0,0,0.00,0.00,0.00,0.00,0.00,Matches,d10210a7
420,Leonardo Ponzio,ar ARG,MF,Zaragoza,28,1982,32,30,2567,28.5,2,2,4,2,0,0,13,2,0.07,0.07,0.14,0.07,0.14,Matches,6f3a6343
421,Cristian Portilla,es ESP,MF,Sporting Gijón,21,1988,1,0,2,0.0,0,0,0,0,0,0,0,0,0.00,0.00,0.00,0.00,0.00,Matches,2f09542a
422,Francisco Portillo,es ESP,MF,Málaga,20,1990,17,7,766,8.5,0,1,1,0,0,0,0,0,0.00,0.12,0.12,0.00,0.12,Matches,8e010ff4
423,Javier Portillo,es ESP,FW,Hércules,28,1982,26,11,1155,12.8,1,0,1,1,0,0,1,0,0.08,0.00,0.08,0.08,0.08,Matches,99058498
424,Javi Poves,es ESP,DF,Sporting Gijón,23,1986,1,0,12,0.1,0,,,0,0,,0,0,0.00,,,0.00,,Matches,fb15bf58
425,Xabi Prieto,es ESP,MF,Real Sociedad,26,1983,37,36,3235,35.9,7,9,16,3,4,4,6,0,0.19,0.25,0.45,0.08,0.33,Matches,d054d8b0
426,Cristian Pulhac,ro ROU,DF,Hércules,25,1984,9,9,759,8.4,0,0,0,0,0,0,4,1,0.00,0.00,0.00,0.00,0.00,Matches,b68a705d
427,Jorge Pulido,es ESP,DF,Atlético Madrid,19,1991,2,2,180,2.0,0,0,0,0,0,0,2,0,0.00,0.00,0.00,0.00,0.00,Matches,978cd030
428,Francisco Puñal,es ESP,MF,Osasuna,34,1975,33,32,2825,31.4,0,3,3,0,0,0,16,0,0.00,0.10,0.10,0.00,0.10,Matches,408ec22e
429,Carles Puyol,es ESP,DF,Barcelona,32,1978,17,17,1381,15.3,1,0,1,1,0,0,3,0,0.07,0.00,0.07,0.07,0.07,Matches,7c0bda9b
430,Rafa,es ESP,DFMF,Getafe,25,1985,19,17,1542,17.1,0,0,0,0,0,0,8,1,0.00,0.00,0.00,0.00,0.00,Matches,0b89dbcc
431,Ivan Rakiti?,hr CRO,MF,Sevilla,22,1988,13,13,1091,12.1,5,1,6,5,0,0,1,0,0.41,0.08,0.49,0.41,0.49,Matches,89f951b5
432,Iván Ramis,es ESP,DF,Mallorca,25,1984,33,33,2917,32.4,3,0,3,2,1,2,6,0,0.09,0.00,0.09,0.06,0.06,Matches,d2be40f2
433,Edu Ramos,es ESP,MF,Málaga,18,1992,5,1,106,1.2,0,0,0,0,0,0,1,0,0.00,0.00,0.00,0.00,0.00,Matches,e6793b40
434,Sergio Ramos,es ESP,DF,Real Madrid,24,1986,31,30,2703,30.0,3,2,5,2,1,1,11,1,0.10,0.07,0.17,0.07,0.13,Matches,08511d65
435,Edson Ratinho,br BRA,DFMF,Mallorca,24,1986,7,7,573,6.4,0,0,0,0,0,0,3,0,0.00,0.00,0.00,0.00,0.00,Matches,1f59bef7
436,Recio,es ESP,MF,Málaga,19,1991,23,18,1624,18.0,2,1,3,2,0,0,3,0,0.11,0.06,0.17,0.11,0.17,Matches,54073b28
437,Manolo Reina,es ESP,GK,Levante,25,1985,18,18,1620,18.0,0,0,0,0,0,0,3,0,0.00,0.00,0.00,0.00,0.00,Matches,605eb473
438,Renato,br BRA,MF,Sevilla,31,1979,24,13,1277,14.2,2,2,4,2,0,0,1,0,0.14,0.14,0.28,0.14,0.28,Matches,dc4d83fe
439,Ricardo,es ESP,GK,Osasuna,38,1971,38,38,3420,38.0,0,0,0,0,0,0,2,0,0.00,0.00,0.00,0.00,0.00,Matches,2fe713ed
440,Baltasar Rigo,es ESP,DF,Almería,25,1985,1,1,90,1.0,0,0,0,0,0,0,0,0,0.00,0.00,0.00,0.00,0.00,Matches,b80570db
441,Riki,es ESP,FW,La Coruña,29,1980,19,8,850,9.4,3,3,6,2,1,1,2,0,0.32,0.32,0.64,0.21,0.53,Matches,ab21507f
442,Pedro Ríos,es ESP,MF,Getafe,28,1981,31,27,2218,24.6,7,3,10,7,0,0,5,0,0.28,0.12,0.41,0.28,0.41,Matches,96ef8f9f
443,Diego Rivas,es ESP,MF,Real Sociedad,30,1980,32,31,2564,28.5,2,0,2,2,0,0,9,0,0.07,0.00,0.07,0.07,0.07,Matches,eecf46bc
444,Alberto Rivera,es ESP,MF,Sporting Gijón,32,1978,30,30,2545,28.3,0,2,2,0,0,0,5,0,0.00,0.07,0.07,0.00,0.07,Matches,7002b605
445,Sergi Roberto,es ESP,DFMF,Barcelona,18,1992,1,1,90,1.0,0,,,0,0,,0,0,0.00,,,0.00,,Matches,335fa267
446,Miquel Robusté,es ESP,DF,Levante,25,1985,7,4,424,4.7,0,0,0,0,0,0,3,0,0.00,0.00,0.00,0.00,0.00,Matches,4be9a341
447,David Rochela,es ESP,DF,La Coruña,20,1990,2,2,146,1.6,0,0,0,0,0,0,0,0,0.00,0.00,0.00,0.00,0.00,Matches,ac3499f5
448,Héctor Rodas,es ESP,DF,Levante,22,1988,5,5,408,4.5,0,0,0,0,0,0,2,0,0.00,0.00,0.00,0.00,0.00,Matches,dcdd3a95
449,Rodri,es ESP,DF,Hércules,25,1984,13,10,1043,11.6,0,0,0,0,0,0,5,0,0.00,0.00,0.00,0.00,0.00,Matches,7fa4aa89
450,Rodri,es ESP,FW,Sevilla,20,1990,5,2,224,2.5,0,0,0,0,0,0,2,0,0.00,0.00,0.00,0.00,0.00,Matches,5200dce9
451,Gonzalo Rodríguez,ar ARG,DF,Villarreal,26,1984,23,20,1810,20.1,1,0,1,1,0,0,5,1,0.05,0.00,0.05,0.05,0.05,Matches,46e6fea3
452,Juan Rodríguez,es ESP,MF,La Coruña,28,1982,31,29,2563,28.5,1,2,3,1,0,0,9,1,0.04,0.07,0.11,0.04,0.11,Matches,25c3c939
453,Raúl Rodríguez,es ESP,DF,Espanyol,22,1987,10,8,754,8.4,0,0,0,0,0,0,2,0,0.00,0.00,0.00,0.00,0.00,Matches,815a6c71
454,Vicente Rodríguez,es ESP,FWMF,Valencia,29,1981,14,5,569,6.3,1,0,1,1,0,0,1,0,0.16,0.00,0.16,0.16,0.16,Matches,73b8c719
455,Romaric,ci CIV,MF,Sevilla,27,1983,26,19,1557,17.3,1,4,5,1,0,0,5,0,0.06,0.23,0.29,0.06,0.29,Matches,9bb5c5e0
456,Oriol Romeu,es ESP,MF,Barcelona,18,1991,1,0,10,0.1,0,0,0,0,0,0,0,0,0.00,0.00,0.00,0.00,0.00,Matches,4b511457
457,Cristiano Ronaldo,pt POR,FWMF,Real Madrid,25,1985,34,32,2914,32.4,40,9,49,32,8,8,2,0,1.24,0.28,1.51,0.99,1.27,Matches,dea698d9
458,Salomón Rondón,ve VEN,FW,Málaga,20,1989,30,28,2417,26.9,14,2,16,14,0,0,2,0,0.52,0.07,0.60,0.52,0.60,Matches,b318a643
459,Hélder Rosário,pt POR,DF,Málaga,30,1980,3,3,245,2.7,0,0,0,0,0,0,1,1,0.00,0.00,0.00,0.00,0.00,Matches,f0d5e080
460,Markus Rosenberg,se SWE,FW,Racing Sant,27,1982,33,29,2391,26.6,9,0,9,9,0,1,9,1,0.34,0.00,0.34,0.34,0.34,Matches,5faa73aa
461,Giuseppe Rossi,it ITA,FW,Villarreal,23,1987,36,35,2999,33.3,18,4,22,14,4,4,6,0,0.54,0.12,0.66,0.42,0.54,Matches,fe48a073
462,Rubén,es ESP,GK,Málaga,26,1984,7,7,630,7.0,0,0,0,0,0,0,1,0,0.00,0.00,0.00,0.00,0.00,Matches,24279b8b
463,Rubén,es ESP,DF,Mallorca,28,1982,12,7,729,8.1,0,0,0,0,0,0,1,0,0.00,0.00,0.00,0.00,0.00,Matches,d0c06281
464,Marco Ruben,ar ARG,FW,Villarreal,23,1986,30,12,1300,14.4,5,2,7,5,0,0,4,0,0.35,0.14,0.48,0.35,0.48,Matches,30795728
465,Francisco Rufete,es ESP,MF,Hércules,33,1976,14,3,523,5.8,0,0,0,0,0,0,1,0,0.00,0.00,0.00,0.00,0.00,Matches,95aca6cd
466,Víctor Ruiz,es ESP,DFMF,Espanyol,21,1989,15,15,1350,15.0,0,0,0,0,0,0,5,0,0.00,0.00,0.00,0.00,0.00,Matches,b3dc6eca
467,Rúper,es ESP,MF,Osasuna,23,1987,4,0,85,0.9,0,0,0,0,0,0,0,0,0.00,0.00,0.00,0.00,0.00,Matches,570c4db3
468,Simão Sabrosa,pt POR,MF,Atlético Madrid,30,1979,16,15,1301,14.5,4,5,9,3,1,1,3,0,0.28,0.35,0.62,0.21,0.55,Matches,76a65612
469,Mikel San José,es ESP,DFMF,Athletic Club,21,1989,31,30,2674,29.7,2,0,2,0,2,3,10,1,0.07,0.00,0.07,0.00,0.00,Matches,003a5c72
470,César Sánchez,es ESP,GK,Valencia,38,1971,15,15,1265,14.1,0,0,0,0,0,0,5,0,0.00,0.00,0.00,0.00,0.00,Matches,c6e6e5d6
471,Isaías Sánchez,es ESP,MF,Espanyol,23,1987,4,0,87,1.0,0,0,0,0,0,0,2,0,0.00,0.00,0.00,0.00,0.00,Matches,30059de4
472,Sergio Sánchez,es ESP,DF,Sevilla,24,1986,7,6,560,6.2,0,0,0,0,0,0,3,0,0.00,0.00,0.00,0.00,0.00,Matches,83a83b0a
473,Víctor Sánchez,es ESP,DFMF,Getafe,22,1987,29,21,1909,21.2,1,3,4,1,0,0,10,0,0.05,0.14,0.19,0.05,0.19,Matches,ad4d0985
474,José Sand,ar ARG,FW,La Coruña,30,1980,5,2,209,2.3,0,0,0,0,0,0,2,0,0.00,0.00,0.00,0.00,0.00,Matches,29cf8777
475,Gastón Sangoy,ar ARG,FWMF,Sporting Gijón,25,1984,19,14,1073,11.9,2,1,3,2,0,0,4,0,0.17,0.08,0.25,0.17,0.25,Matches,e1f3d532
476,Oier Sanjurjo,es ESP,DFMF,Osasuna,24,1986,3,2,209,2.3,0,0,0,0,0,0,2,0,0.00,0.00,0.00,0.00,0.00,Matches,466824fb
477,Adrián Sardinero,es ESP,FWMF,Getafe,19,1990,11,4,469,5.2,1,0,1,1,0,0,0,0,0.19,0.00,0.19,0.19,0.19,Matches,51e9bb3f
478,Jeffrey Sarpong,nl NED,MF,Real Sociedad,21,1988,16,1,348,3.9,1,0,1,1,0,0,1,0,0.26,0.00,0.26,0.26,0.26,Matches,cabfd01c
479,Mohamed Sarr,sn SEN,DFMF,Hércules,26,1983,2,2,180,2.0,0,0,0,0,0,0,1,0,0.00,0.00,0.00,0.00,0.00,Matches,82bf93ae
480,Rafel Sastre,es ESP,DF,Sporting Gijón,34,1975,8,7,580,6.4,0,1,1,0,0,0,3,1,0.00,0.16,0.16,0.00,0.16,Matches,477fc284
481,Saúl,es ESP,MF,La Coruña,25,1985,13,8,634,7.0,0,1,1,0,0,0,1,0,0.00,0.14,0.14,0.00,0.14,Matches,a4a317b2
482,Marcos Senna,es ESP,MF,Villarreal,34,1976,20,15,1225,13.6,1,0,1,1,0,0,2,0,0.07,0.00,0.07,0.07,0.07,Matches,ad6cbdbe
483,Diego Seoane,es ESP,DF,La Coruña,22,1988,11,8,839,9.3,0,0,0,0,0,0,2,0,0.00,0.00,0.00,0.00,0.00,Matches,71c7d503
484,Sergio,es ESP,DF,Osasuna,33,1977,22,22,1934,21.5,2,2,4,2,0,0,6,2,0.09,0.09,0.19,0.09,0.19,Matches,7688c579
485,Sergio,es ESP,MF,Levante,33,1976,14,9,905,10.1,2,1,3,2,0,0,1,0,0.20,0.10,0.30,0.20,0.30,Matches,c6ed9815
486,Óscar Serrano,es ESP,MF,Racing Sant,28,1981,4,0,57,0.6,1,0,1,1,0,0,1,0,1.58,0.00,1.58,1.58,1.58,Matches,c862ecc5
487,Masoud Shojaei,ir IRN,MF,Osasuna,26,1984,18,14,1198,13.3,2,4,6,2,0,0,1,0,0.15,0.30,0.45,0.15,0.45,Matches,a898d91e
488,Marcelo Silva,uy URU,DF,Almería,21,1989,21,21,1840,20.4,1,1,2,1,0,0,3,0,0.05,0.05,0.10,0.05,0.10,Matches,b9596515
489,Paulo da Silva,py PAR,DF,Zaragoza,30,1980,13,10,953,10.6,0,0,0,0,0,0,1,0,0.00,0.00,0.00,0.00,0.00,Matches,47560da8
490,Sandro Silva,br BRA,MF,Málaga,26,1984,24,12,1240,13.8,0,1,1,0,0,0,8,0,0.00,0.07,0.07,0.00,0.07,Matches,83348963
491,Wellington Silva,br BRA,FWMF,Levante,17,1993,1,0,3,0.0,0,0,0,0,0,0,0,0,0.00,0.00,0.00,0.00,0.00,Matches,5c60f49c
492,Florent Sinama Pongolle,fr FRA,FW,Zaragoza,25,1984,24,15,1263,14.0,4,1,5,4,0,0,4,0,0.29,0.07,0.36,0.29,0.36,Matches,f222974d
493,Enrique Sola,es ESP,FW,Osasuna,24,1986,16,12,1063,11.8,7,0,7,7,0,0,4,0,0.59,0.00,0.59,0.59,0.59,Matches,bef2e50e
494,Roberto Soldado,es ESP,FW,Valencia,25,1985,34,26,2410,26.8,18,4,22,17,1,1,8,0,0.67,0.15,0.82,0.63,0.78,Matches,9d66fbe3
495,Bruno Soriano,es ESP,MF,Villarreal,26,1984,37,36,3276,36.4,0,1,1,0,0,0,9,0,0.00,0.03,0.03,0.00,0.03,Matches,09332647
496,Fernando Soriano,es ESP,MF,Osasuna,30,1979,30,23,1858,20.6,2,4,6,2,0,0,12,1,0.10,0.19,0.29,0.10,0.29,Matches,1aa72854
497,Kris Stadsgaard,dk DEN,DF,Málaga,24,1985,25,23,2101,23.3,1,0,1,1,0,0,4,0,0.04,0.00,0.04,0.04,0.04,Matches,97d65d8e
498,Marius Stankevi?ius,lt LTU,DFMF,Valencia,29,1981,21,19,1701,18.9,2,0,2,2,0,0,6,2,0.11,0.00,0.11,0.11,0.11,Matches,7c3a4a58
499,Cristhian Stuani,uy URU,FWMF,Levante,23,1986,30,11,1289,14.3,8,2,10,8,0,0,5,0,0.56,0.14,0.70,0.56,0.70,Matches,220c11f1
500,Jeffrén Suárez,ve VEN,FWMF,Barcelona,22,1988,8,4,305,3.4,1,1,2,1,0,0,0,0,0.30,0.30,0.59,0.30,0.59,Matches,01e9c0a6
501,Mario Suárez,es ESP,MF,Atlético Madrid,23,1987,27,18,1652,18.4,2,2,4,2,0,0,9,0,0.11,0.11,0.22,0.11,0.22,Matches,7106f0a0
502,Rubén Suárez,es ESP,MF,Levante,31,1979,27,18,1508,16.8,5,1,6,4,1,1,5,0,0.30,0.06,0.36,0.24,0.30,Matches,addc6eca
503,Markel Susaeta,es ESP,FWMF,Athletic Club,22,1987,28,15,1447,16.1,1,4,5,1,0,0,3,0,0.06,0.25,0.31,0.06,0.31,Matches,6fd1ba62
504,Francisco Sutil,es ESP,DFFW,Real Sociedad,25,1984,17,4,524,5.8,2,1,3,2,0,0,1,0,0.34,0.17,0.52,0.34,0.52,Matches,51b44d11
505,Raúl Tamudo,es ESP,FW,Real Sociedad,32,1977,31,20,1813,20.1,7,1,8,7,0,0,5,0,0.35,0.05,0.40,0.35,0.40,Matches,c026089c
506,Tato,es ESP,MF,Racing Sant,18,1992,2,1,78,0.9,0,0,0,0,0,0,0,0,0.00,0.00,0.00,0.00,0.00,Matches,03c45164
507,Mohamed Tchité,bi BDI,FW,Racing Sant,26,1984,1,1,90,1.0,0,0,0,0,0,1,0,0,0.00,0.00,0.00,0.00,0.00,Matches,39b8619d
508,Sergio Tejera,es ESP,MF,Mallorca,20,1990,16,10,806,9.0,0,2,2,0,0,0,5,0,0.00,0.22,0.22,0.00,0.22,Matches,3d5734ef
509,Olivier Thomert,mq MTQ,FWMF,Hércules,30,1980,18,12,801,8.9,1,0,1,1,0,0,2,0,0.11,0.00,0.11,0.11,0.11,Matches,acda6c9d
510,David Timor,es ESP,DFMF,Osasuna,20,1989,1,0,12,0.1,0,0,0,0,0,0,1,0,0.00,0.00,0.00,0.00,0.00,Matches,174651c8
511,Antonio Tomás,es ESP,MF,La Coruña,25,1985,21,20,1670,18.6,0,0,0,0,0,0,2,0,0.00,0.00,0.00,0.00,0.00,Matches,668d4e93
512,Carlos Tomás,es ESP,DF,Villarreal,22,1988,1,1,90,1.0,0,0,0,0,0,,0,0,0.00,0.00,0.00,0.00,0.00,Matches,c4559662
513,Toño,es ESP,GK,Racing Sant,30,1979,37,37,3330,37.0,0,0,0,0,0,0,5,0,0.00,0.00,0.00,0.00,0.00,Matches,2ed4ea81
514,Mehmet Topal,tr TUR,DFMF,Valencia,24,1986,23,21,1828,20.3,1,1,2,1,0,0,5,1,0.05,0.05,0.10,0.05,0.10,Matches,f93c876b
515,Gaizka Toquero,es ESP,FWMF,Athletic Club,25,1984,30,26,2060,22.9,7,3,10,7,0,2,4,0,0.31,0.13,0.44,0.31,0.44,Matches,b78144a6
516,Marc Torrejón,es ESP,DF,Racing Sant,24,1986,36,36,3150,35.0,1,1,2,1,0,0,5,0,0.03,0.03,0.06,0.03,0.06,Matches,6d7ff2c4
517,Manu Torres,es ESP,DF,Málaga,20,1989,7,5,421,4.7,0,0,0,0,0,0,4,0,0.00,0.00,0.00,0.00,0.00,Matches,4f4064d5
518,Miguel Torres,es ESP,DF,Getafe,24,1986,32,32,2628,29.2,0,0,0,0,0,0,6,0,0.00,0.00,0.00,0.00,0.00,Matches,44b61913
519,Xavi Torres,es ESP,DFMF,Levante,23,1986,35,34,3070,34.1,0,2,2,0,0,0,6,0,0.00,0.06,0.06,0.00,0.06,Matches,1b51ad2f
520,Tote,es ESP,FWMF,Hércules,31,1978,21,15,1221,13.6,1,2,3,1,0,0,1,0,0.07,0.15,0.22,0.07,0.22,Matches,e3e74421
521,David Trezeguet,fr FRA,FW,Hércules,32,1977,31,28,2454,27.3,12,0,12,10,2,3,3,1,0.44,0.00,0.44,0.37,0.37,Matches,80183cb2
522,Alexandros Tziolis,gr GRE,MF,Racing Sant,25,1985,10,8,731,8.1,0,0,0,0,0,0,1,0,0.00,0.00,0.00,0.00,0.00,Matches,99138b2e
523,Ikechukwu Uche,ng NGA,FW,Zaragoza,26,1984,14,11,916,10.2,1,4,5,1,0,0,1,1,0.10,0.39,0.49,0.10,0.49,Matches,ba7c6d25
524,Kalu Uche,ng NGA,FWMF,Almería,27,1982,32,26,2213,24.6,7,3,10,7,0,1,3,0,0.28,0.12,0.41,0.28,0.41,Matches,6cc97b1d
525,Tomáš Ujfaluši,cz CZE,DF,Atlético Madrid,32,1978,32,32,2876,32.0,0,2,2,0,0,0,10,1,0.00,0.06,0.06,0.00,0.06,Matches,37d34e0a
526,Leonardo Ulloa,ar ARG,FW,Almería,24,1986,34,16,1766,19.6,7,0,7,7,0,0,8,1,0.36,0.00,0.36,0.36,0.36,Matches,eed56f6c
527,Jonathan Urretaviscaya,uy URU,FWMF,La Coruña,20,1990,6,5,373,4.1,0,0,0,0,0,0,0,0,0.00,0.00,0.00,0.00,0.00,Matches,6465d159
528,Óscar Ustari,ar ARG,GK,Getafe,24,1986,16,16,1364,15.2,0,0,0,0,0,0,2,0,0.00,0.00,0.00,0.00,0.00,Matches,40e417fa
529,Ustaritz,es ESP,DF,Athletic Club,27,1983,10,8,733,8.1,0,0,0,0,0,0,3,1,0.00,0.00,0.00,0.00,0.00,Matches,49f85a05
530,Krisztián Vadócz,hu HUN,MF,Osasuna,25,1985,31,12,1353,15.0,3,1,4,3,0,0,3,0,0.20,0.07,0.27,0.20,0.27,Matches,b4b0e333
531,Víctor Valdés,es ESP,GK,Barcelona,28,1982,32,32,2880,32.0,0,0,0,0,0,0,6,0,0.00,0.00,0.00,0.00,0.00,Matches,e029e404
532,Nelson Valdez,py PAR,FW,Hércules,26,1983,25,22,1820,20.2,8,1,9,8,0,0,8,1,0.40,0.05,0.45,0.40,0.45,Matches,040d8500
533,Valdo,cv CPV,FWMF,Levante,29,1981,29,25,2098,23.3,2,8,10,2,0,0,4,0,0.09,0.34,0.43,0.09,0.43,Matches,5d34e206
534,Juan Valera Espín,es ESP,DFMF,Atlético Madrid,25,1984,15,11,1076,12.0,1,1,2,1,0,0,5,0,0.08,0.08,0.17,0.08,0.17,Matches,947fa33c
535,Diego Valeri,ar ARG,FWMF,Almería,24,1986,9,2,273,3.0,0,0,0,0,0,0,1,0,0.00,0.00,0.00,0.00,0.00,Matches,31da63ad
536,Borja Valero,es ESP,MF,Villarreal,25,1985,35,34,2947,32.7,3,10,13,3,0,0,9,1,0.09,0.31,0.40,0.09,0.40,Matches,0e21fc3c
537,Javi Varas,es ESP,GK,Sevilla,27,1982,21,19,1788,19.9,0,0,0,0,0,0,3,0,0.00,0.00,0.00,0.00,0.00,Matches,6db3da37
538,Fabián Vargas,co COL,MF,Almería,30,1980,20,12,1086,12.1,1,0,1,1,0,0,8,0,0.08,0.00,0.08,0.08,0.08,Matches,37a8a372
539,Álvaro Vázquez,es ESP,FW,Espanyol,19,1991,30,8,1221,13.6,4,1,5,4,0,0,1,0,0.29,0.07,0.37,0.29,0.37,Matches,d2d8675a
540,Ion Vélez,es ESP,FW,Athletic Club,25,1985,5,0,112,1.2,0,0,0,0,0,0,0,0,0.00,0.00,0.00,0.00,0.00,Matches,3a6c16de
541,Piet Velthuizen,nl NED,GK,Hércules,23,1986,3,3,270,3.0,0,0,0,0,0,0,0,0,0.00,0.00,0.00,0.00,0.00,Matches,b7a7d76a
542,Javi Venta,es ESP,DF,Levante,34,1975,33,33,2970,33.0,0,0,0,0,0,0,8,0,0.00,0.00,0.00,0.00,0.00,Matches,fc3efd36
543,Urko Vera,es ESP,FW,Athletic Club,23,1987,5,0,101,1.1,1,0,1,1,0,0,0,0,0.89,0.00,0.89,0.89,0.89,Matches,d8cf0115
544,Joan Verdú,es ESP,MF,Espanyol,27,1983,37,36,3119,34.7,5,5,10,5,0,0,10,0,0.14,0.14,0.29,0.14,0.29,Matches,61508522
545,João Victor,br BRA,DFMF,Mallorca,21,1988,32,21,2112,23.5,0,1,1,0,0,0,6,0,0.00,0.04,0.04,0.00,0.04,Matches,dbc94b4c
546,Borja Viguera,es ESP,FW,Real Sociedad,23,1987,5,0,73,0.8,0,0,0,0,0,0,0,0,0.00,0.00,0.00,0.00,0.00,Matches,d906a703
547,Dídac Vilà,es ESP,DF,Espanyol,21,1989,13,12,1114,12.4,0,1,1,0,0,0,3,0,0.00,0.08,0.08,0.00,0.08,Matches,bad38a94
548,David Villa,es ESP,FWMF,Barcelona,28,1981,34,32,2744,30.5,18,6,24,18,0,0,3,1,0.59,0.20,0.79,0.59,0.79,Matches,ade08a67
549,Wakaso,gh GHA,MF,Villarreal,20,1990,11,1,300,3.3,0,0,0,0,0,0,3,0,0.00,0.00,0.00,0.00,0.00,Matches,999908af
550,Pierre Webó,cm CMR,FW,Mallorca,28,1982,34,28,2647,29.4,11,6,17,11,0,1,8,1,0.37,0.20,0.58,0.37,0.58,Matches,3d6f05ea
551,Xavi,es ESP,MF,Barcelona,30,1980,31,29,2451,27.2,3,11,14,3,0,0,6,0,0.11,0.40,0.51,0.11,0.51,Matches,c1b4188c
552,Xisco,es ESP,FW,La Coruña,24,1986,9,5,399,4.4,2,0,2,2,0,0,1,0,0.45,0.00,0.45,0.45,0.45,Matches,d2790f7a
553,Xisco,es ESP,FWMF,Levante,29,1980,26,16,1324,14.7,1,3,4,1,0,0,4,0,0.07,0.20,0.27,0.07,0.27,Matches,efaaae13
554,Didier Zokora,ci CIV,MF,Sevilla,29,1980,23,17,1538,17.1,0,1,1,0,0,0,10,0,0.00,0.06,0.06,0.00,0.06,Matches,23921ca7
555,David Zurutuza,es ESP,MF,Real Sociedad,24,1986,36,30,2502,27.8,2,1,3,2,0,0,6,0,0.07,0.04,0.11,0.07,0.11,Matches,d9bda115
